track_name	track_type	TCGA-75-6214	TCGA-55-8096	TCGA-50-6673	TCGA-86-8358	TCGA-55-A48Y	TCGA-55-8092	TCGA-91-6829	TCGA-44-5645	TCGA-50-5933	TCGA-44-3918	TCGA-97-A4M1	TCGA-86-8055	TCGA-67-6217	TCGA-78-7220	TCGA-75-6211	TCGA-69-7763	TCGA-05-5425	TCGA-91-6828	TCGA-05-4395	TCGA-80-5611	TCGA-78-7542	TCGA-05-4397	TCGA-91-8499	TCGA-50-6591	TCGA-50-6595	TCGA-55-7570	TCGA-J2-8192	TCGA-44-8119	TCGA-86-8075	TCGA-49-AARQ	TCGA-50-8459	TCGA-64-5815	TCGA-44-2665	TCGA-97-8547	TCGA-55-8614	TCGA-MP-A4TK	TCGA-99-8028	TCGA-75-7030	TCGA-44-3398	TCGA-78-7537	TCGA-91-6831	TCGA-50-5072	TCGA-86-8359	TCGA-55-7910	TCGA-55-1594	TCGA-64-1681	TCGA-50-6592	TCGA-55-8097	TCGA-55-8512	TCGA-55-6972	TCGA-62-A46P	TCGA-67-6215	TCGA-44-6774	TCGA-49-6767	TCGA-55-A48X	TCGA-49-4510	TCGA-78-7146	TCGA-64-5781	TCGA-38-4625	TCGA-49-4507	TCGA-64-1676	TCGA-50-6590	TCGA-35-4123	TCGA-50-5939	TCGA-50-6594	TCGA-86-7954	TCGA-50-5044	TCGA-50-5045	TCGA-73-4670	TCGA-L9-A5IP	TCGA-86-7711	TCGA-95-A4VN	TCGA-38-4626	TCGA-78-8648	TCGA-73-4658	TCGA-91-6848	TCGA-78-7155	TCGA-86-8056	TCGA-49-4501	TCGA-38-4628	TCGA-67-3772	TCGA-55-A4DF	TCGA-44-3396	TCGA-55-6971	TCGA-55-A490	TCGA-L9-A7SV	TCGA-05-4398	TCGA-55-8204	TCGA-50-5930	TCGA-62-A46O	TCGA-05-4415	TCGA-49-AAR9	TCGA-55-A491	TCGA-49-4506	TCGA-50-5942	TCGA-62-8398	TCGA-91-A4BD	TCGA-44-7669	TCGA-44-7667	TCGA-55-1595	TCGA-MN-A4N4	TCGA-86-8073	TCGA-55-8511	TCGA-55-6642	TCGA-05-4433	TCGA-44-8120	TCGA-95-7039	TCGA-55-8085	TCGA-67-3771	TCGA-53-7626	TCGA-78-7148	TCGA-62-8399	TCGA-97-7937	TCGA-86-7955	TCGA-05-4420	TCGA-78-8662	TCGA-44-7662	TCGA-49-4514	TCGA-05-4382	TCGA-55-6979	TCGA-55-8506	TCGA-49-AAR2	TCGA-78-7152	TCGA-50-5941	TCGA-73-4668	TCGA-69-8255	TCGA-86-7701	TCGA-99-8032	TCGA-44-6778	TCGA-86-8054	TCGA-64-5775	TCGA-MP-A4TI	TCGA-55-8620	TCGA-4B-A93V	TCGA-55-7724	TCGA-NJ-A55R	TCGA-86-8668	TCGA-44-A47A	TCGA-78-7158	TCGA-86-8280	TCGA-78-7153	TCGA-91-6830	TCGA-05-4389	TCGA-97-8171	TCGA-05-4422	TCGA-05-4425	TCGA-62-A470	TCGA-62-A46V	TCGA-69-7979	TCGA-67-4679	TCGA-05-4384	TCGA-44-4112	TCGA-44-A47B	TCGA-38-4632	TCGA-55-8090	TCGA-55-7815	TCGA-44-2662	TCGA-55-7913	TCGA-62-A472	TCGA-05-4427	TCGA-69-7760	TCGA-78-7145	TCGA-55-7911	TCGA-75-5125	TCGA-95-A4VK	TCGA-49-6761	TCGA-55-8207	TCGA-67-3774	TCGA-55-8208	TCGA-99-7458	TCGA-35-5375	TCGA-55-1592	TCGA-97-A4M0	TCGA-95-7567	TCGA-99-8033	TCGA-L9-A8F4	TCGA-62-A46R	TCGA-55-8301	TCGA-50-5931	TCGA-69-7978	TCGA-44-7672	TCGA-78-7159	TCGA-44-2657	TCGA-49-4486	TCGA-97-7546	TCGA-91-6840	TCGA-44-5643	TCGA-44-6148	TCGA-86-A4P8	TCGA-99-AA5R	TCGA-97-8174	TCGA-86-8671	TCGA-91-8497	TCGA-97-A4M2	TCGA-53-A4EZ	TCGA-49-AAR0	TCGA-55-8505	TCGA-49-6745	TCGA-MP-A4TA	TCGA-86-8585	TCGA-44-6777	TCGA-86-8278	TCGA-05-4396	TCGA-64-5779	TCGA-93-8067	TCGA-95-7944	TCGA-97-7554	TCGA-69-8253	TCGA-05-4418	TCGA-55-6970	TCGA-69-7764	TCGA-MP-A4T7	TCGA-49-AAQV	TCGA-49-AARE	TCGA-53-7624	TCGA-55-8094	TCGA-49-4488	TCGA-91-7771	TCGA-50-6593	TCGA-05-4410	TCGA-78-7633	TCGA-55-8302	TCGA-55-6712	TCGA-78-7540	TCGA-83-5908	TCGA-62-8402	TCGA-55-7284	TCGA-05-4403	TCGA-55-7728	TCGA-69-7761	TCGA-55-6984	TCGA-49-4490	TCGA-MP-A4SW	TCGA-64-1679	TCGA-MP-A4TC	TCGA-05-5715	TCGA-97-A4M6	TCGA-55-8091	TCGA-67-6216	TCGA-69-7765	TCGA-55-8089	TCGA-05-5429	TCGA-97-7941	TCGA-86-8279	TCGA-86-A4JF	TCGA-86-8673	TCGA-55-8203	TCGA-86-7713	TCGA-95-7948	TCGA-93-A4JN	TCGA-78-7167	TCGA-05-4390	TCGA-NJ-A4YF	TCGA-91-A4BC	TCGA-78-7535	TCGA-78-8660	TCGA-O1-A52J	TCGA-49-AAR3	TCGA-86-8672	TCGA-64-5778	TCGA-97-8176	TCGA-55-6982	TCGA-49-4512	TCGA-62-8397	TCGA-50-6597	TCGA-95-7043	TCGA-44-7671	TCGA-73-A9RS	TCGA-05-4432	TCGA-38-4627	TCGA-L4-A4E6	TCGA-44-7661	TCGA-55-A48Z	TCGA-NJ-A4YG	TCGA-91-6836	TCGA-44-2656	TCGA-55-7727	TCGA-55-6980	TCGA-55-8510	TCGA-35-4122	TCGA-44-7660	TCGA-93-A4JP	TCGA-69-7980	TCGA-44-8117	TCGA-95-7562	TCGA-55-8507	TCGA-44-2668	TCGA-55-7726	TCGA-78-7147	TCGA-55-7283	TCGA-55-6968	TCGA-97-8172	TCGA-05-4402	TCGA-44-A4SU	TCGA-64-1677	TCGA-49-4487	TCGA-50-5946	TCGA-50-5049	TCGA-55-8616	TCGA-50-5944	TCGA-97-7938	TCGA-44-2659	TCGA-44-6145	TCGA-55-5899	TCGA-55-6975	TCGA-55-7574	TCGA-55-7576	TCGA-55-7903	TCGA-55-7914	TCGA-73-7499	TCGA-75-6207	TCGA-MN-A4N5	TCGA-MP-A4T9	TCGA-75-7031	TCGA-73-4666	TCGA-05-4405	TCGA-05-5428	TCGA-78-8640	TCGA-78-7154	TCGA-05-4424	TCGA-J2-A4AD	TCGA-69-A59K	TCGA-78-7149	TCGA-49-4505	TCGA-97-8179	TCGA-49-AAR4	TCGA-55-7995	TCGA-55-A493	TCGA-05-4426	TCGA-44-A4SS	TCGA-55-6969	TCGA-62-A471	TCGA-62-8394	TCGA-75-5147	TCGA-99-8025	TCGA-78-7536	TCGA-44-7670	TCGA-50-5066	TCGA-55-7994	TCGA-MP-A4TF	TCGA-44-6779	TCGA-MN-A4N1	TCGA-55-6985	TCGA-50-5068	TCGA-49-AARN	TCGA-55-7907	TCGA-MP-A4SV	TCGA-55-8205	TCGA-97-7553	TCGA-44-A479	TCGA-78-7150	TCGA-55-1596	TCGA-55-A4DG	TCGA-93-A4JO	TCGA-05-4430	TCGA-05-5423	TCGA-38-6178	TCGA-44-A47G	TCGA-44-5644	TCGA-44-6775	TCGA-50-8460	TCGA-55-A57B	TCGA-55-7573	TCGA-55-8514	TCGA-62-A46U	TCGA-62-A46Y	TCGA-67-3770	TCGA-69-7974	TCGA-73-4676	TCGA-75-5146	TCGA-L4-A4E5	TCGA-L9-A444	TCGA-L9-A743	TCGA-MP-A4T4	TCGA-86-A4P7	TCGA-86-6851	TCGA-86-8074	TCGA-91-6847	TCGA-95-7947	TCGA-95-8039	TCGA-95-8494	TCGA-97-A4LX	TCGA-97-8175	TCGA-44-6146	TCGA-49-AARO	TCGA-05-4249	TCGA-55-6981	TCGA-71-6725	TCGA-J2-A4AG	TCGA-49-6742	TCGA-91-6835	TCGA-75-5122	TCGA-78-7156	TCGA-38-4631	TCGA-05-4250	TCGA-78-7539	TCGA-86-7953	TCGA-55-7725	TCGA-MP-A5C7	TCGA-55-8508	TCGA-78-7161	TCGA-73-4659	TCGA-53-7813	TCGA-L9-A50W	TCGA-MP-A4T6	TCGA-49-AARR	TCGA-55-8513	TCGA-NJ-A55A	TCGA-97-8552	TCGA-64-5774	TCGA-NJ-A4YI	TCGA-44-6776	TCGA-55-6986	TCGA-55-8087	TCGA-MP-A4T8	TCGA-NJ-A55O	TCGA-80-5608	TCGA-49-6743	TCGA-L9-A443	TCGA-MP-A4TJ	TCGA-NJ-A4YQ	TCGA-75-7025	TCGA-86-7714	TCGA-55-6978	TCGA-55-8621	TCGA-75-6203	TCGA-91-8496	TCGA-69-7973	TCGA-55-7281	TCGA-69-8254	TCGA-78-7162	TCGA-86-A456	TCGA-49-4494	TCGA-73-4677	TCGA-J2-A4AE	TCGA-MP-A4SY	TCGA-80-5607	TCGA-05-4244	TCGA-05-4417	TCGA-05-4434	TCGA-35-3615	TCGA-38-A44F	TCGA-38-7271	TCGA-44-2655	TCGA-44-2666	TCGA-44-3919	TCGA-44-7659	TCGA-49-6744	TCGA-50-5051	TCGA-50-5055	TCGA-50-5932	TCGA-50-5935	TCGA-50-5936	TCGA-50-7109	TCGA-50-8457	TCGA-55-A492	TCGA-55-A494	TCGA-55-6543	TCGA-55-6983	TCGA-55-6987	TCGA-55-8206	TCGA-55-8299	TCGA-55-8615	TCGA-55-8619	TCGA-62-A46S	TCGA-62-8395	TCGA-64-1680	TCGA-67-3773	TCGA-73-4662	TCGA-73-4675	TCGA-73-7498	TCGA-J2-8194	TCGA-75-5126	TCGA-75-6205	TCGA-75-6206	TCGA-75-6212	TCGA-75-7027	TCGA-MP-A4TD	TCGA-MP-A4TE	TCGA-MP-A4TH	TCGA-78-7160	TCGA-78-7163	TCGA-78-7166	TCGA-78-8655	TCGA-NJ-A4YP	TCGA-NJ-A7XG	TCGA-S2-AA1A	TCGA-86-6562	TCGA-86-8076	TCGA-86-8281	TCGA-86-8669	TCGA-86-8674	TCGA-91-6849	TCGA-93-A4JQ	TCGA-93-7347	TCGA-93-7348	TCGA-95-A4VP	TCGA-97-A4M3	TCGA-97-A4M5	TCGA-97-A4M7	TCGA-97-7547	TCGA-97-7552	TCGA-97-8177
TWIST1	CNA	Amplification	Amplification	Amplification	Amplification	Amplification	Amplification	Amplification	Amplification	Amplification	Amplification	Amplification	Amplification	Amplification	Deep Deletion	Deep Deletion	Deep Deletion																																																																																																																																																																																																																																																																																																																																																																																																																																																																																																							
SNAI1	CNA																																									Amplification		Amplification	Amplification	Amplification	Amplification	Amplification	Amplification	Amplification	Amplification	Amplification	Deep Deletion																																																																																																																																																																																																																																																																																																																																																																																																																																																																			
MIR-200A/200A	CNA																																																																												Amplification	Amplification	Amplification	Amplification	Amplification	Amplification	Deep Deletion																																																																																																																																																																																																																																																																																																																																																																																																																																					
DKK1	CNA																																																									Amplification																										Deep Deletion	Deep Deletion																																																																																																																																																																																																																																																																																																																																																																																																																																			
CDH2	CNA				Amplification																																																																																														Amplification	Amplification	Amplification	Amplification	Amplification	Amplification	Amplification	Amplification																																																																																																																																																																																																																																																																																																																																																																																																														
CTNNB1	CNA																																																																												Deep Deletion																																																																																																																																																																																																																																																																																																																																																																																																																																											
NOTCH1	CNA																																																													Amplification																																																																																																											Amplification	Deep Deletion																																																																																																																																																																																																																																																																																																																																														
SMAD2	CNA																																												Deep Deletion																																Amplification														Deep Deletion									Amplification	Amplification	Deep Deletion																																																																																														Deep Deletion	Deep Deletion	Deep Deletion																																																																																																																																																																																																																																																																																																																		
SMAD3	CNA																																																																																																																															Deep Deletion																																																																																											Amplification																																																																																																																																																																																																																																																																																													
SMAD4	CNA																																																																												Deep Deletion														Deep Deletion											Deep Deletion																																																																											Deep Deletion																			Deep Deletion	Deep Deletion	Deep Deletion																																			Deep Deletion	Deep Deletion	Deep Deletion																																																																																																																																																																																																																																																																													
VIM	CNA																																																																																																								Deep Deletion																																																																																																														Amplification																																																																																																																																																																																																																																																																																																	
TP53	CNA																																																																																			Deep Deletion				Deep Deletion																																														Deep Deletion																																																																																																																																											Deep Deletion	Deep Deletion	Deep Deletion																																																																																																																																																																																																																																					
CDH1	CNA								Amplification																																																																																																																																																																																																																																																																										Deep Deletion																																																																																																																																																																																																																																					
MAPK3	CNA																																																																																																																																																																																																											Amplification																																											Amplification																																																																												Amplification	Amplification																																																																		Amplification																																																																																																																		
AKT2	CNA																																																																																										Amplification			Amplification																																																	Amplification																																																																								Amplification																																																																		Amplification																																																																																																															Amplification																																																																																																																
MIR-203/203A	CNA														Deep Deletion																																																																																																																	Amplification																																																						Amplification																																																																																																								Amplification																																																			Amplification																																																																Deep Deletion																																																																																																							
MIR-34/34A	CNA																																																																												Amplification			Amplification																																																																																																																																											Deep Deletion																																																																				Deep Deletion																																																																																																																			Deep Deletion																																																																																																						
SNAI2	CNA																																											Amplification					Amplification																																																																																		Amplification											Deep Deletion		Amplification																Amplification																							Amplification																							Amplification																																																Amplification	Amplification								Amplification																																																																										Amplification	Amplification																																																																	Amplification	Amplification	Amplification																																																																																																			
TP73	CNA					Amplification																																																																							Amplification	Amplification	Amplification	Amplification	Amplification	Amplification	Deep Deletion																																																																																																																																																																																																																																																																																																																																																																																																																																					
AKT1	CNA				Amplification										Deep Deletion																																																																																																																	Amplification																																																						Amplification																																																																																																								Amplification																																																			Amplification																																																																Deep Deletion																																																																																																							
TP63	CNA																						Amplification																									Amplification											Amplification						Amplification																																								Deep Deletion					Amplification																		Deep Deletion																																																	Amplification																																																			Amplification																																																						Amplification														Deep Deletion																																	Amplification									Amplification																																																																																			Deep Deletion																																																																																			
ZEB2	CNA																												Deep Deletion																																			Amplification																																																																																																																																																																																								Amplification																																																																								Deep Deletion																																																																																																																																																																																								
TGFBR1	CNA																												Deep Deletion																																																																																																																																																																																																																																																																																																																																		Deep Deletion																																																							Deep Deletion																						Deep Deletion																																																																												
ZEB1	CNA																																																								Amplification																Amplification																																Amplification																																																																																																														Amplification																																																																																																																																										Amplification																																																										Amplification																																																																																													
CDKN1A	CNA																																																																																																																																																																																															Amplification																																																																																																								Amplification																												Amplification																																Amplification																																																																																																																																																				
TWIST1	MUTATIONS																	Missense Mutation (putative passenger)	Missense Mutation (putative passenger)																																																																																																																																																																																																																																																																																																																																																																																																																																																																																																					
SNAI1	MUTATIONS	Missense Mutation (putative passenger)																																																				Truncating mutation (putative passenger)	Truncating mutation (putative passenger)	Missense Mutation (putative passenger)	Missense Mutation (putative passenger)																																																																																																																																																																																																																																																																																																																																																																																																																																																															
MIR-200A/200A	MUTATIONS																																																																																																																																																																																																																																																																																																																																																																																																																																																																																																																							
DKK1	MUTATIONS		Missense Mutation (putative passenger)																																																																																			Inframe Mutation (putative passenger)	Missense Mutation (putative passenger)	Missense Mutation (putative passenger)	Missense Mutation (putative passenger)																																																																																																																																																																																																																																																																																																																																																																																																																															
CDH2	MUTATIONS																						Missense Mutation (putative passenger)																																Missense Mutation (putative passenger)				Missense Mutation (putative passenger)			Missense Mutation (putative passenger)	Missense Mutation (putative passenger)														Missense Mutation (putative passenger)																						Missense Mutation (putative passenger)								Truncating mutation (putative passenger)	Truncating mutation (putative passenger)	Missense Mutation (putative passenger)	Missense Mutation (putative passenger)	Missense Mutation (putative passenger)	Missense Mutation (putative passenger)	Missense Mutation (putative passenger)	Missense Mutation (putative passenger)	Missense Mutation (putative passenger)	Missense Mutation (putative passenger)	Missense Mutation (putative passenger)	Missense Mutation (putative passenger)	Missense Mutation (putative passenger)	Missense Mutation (putative passenger)	Missense Mutation (putative passenger)	Missense Mutation (putative passenger)	Missense Mutation (putative passenger)	Missense Mutation (putative passenger)	Missense Mutation (putative passenger)	Missense Mutation (putative passenger)																																																																																																																																																																																																																																																																																																																																																																																										
CTNNB1	MUTATIONS	Missense Mutation (putative passenger)				Missense Mutation (putative passenger)																																																																																																							Missense Mutation (putative driver)	Missense Mutation (putative driver)	Missense Mutation (putative passenger)																												Missense Mutation (putative driver)	Missense Mutation (putative driver)	Missense Mutation (putative driver)	Missense Mutation (putative driver)	Missense Mutation (putative driver)	Missense Mutation (putative driver)	Missense Mutation (putative driver)	Missense Mutation (putative driver)	Missense Mutation (putative driver)	Missense Mutation (putative driver)	Inframe Mutation (putative passenger)	Missense Mutation (putative passenger)	Missense Mutation (putative passenger)	Missense Mutation (putative passenger)	Missense Mutation (putative passenger)																																																																																																																																																																																																																																																																																																																																																															
NOTCH1	MUTATIONS																																																																																		Truncating mutation (putative driver)			Missense Mutation (putative passenger)				Missense Mutation (putative passenger)																						Missense Mutation (putative passenger)															Missense Mutation (putative driver)												Missense Mutation (putative passenger)											Missense Mutation (putative passenger)																			Missense Mutation (putative passenger)		Truncating mutation (putative driver)	Truncating mutation (putative driver)	Truncating mutation (putative driver)	Missense Mutation (putative passenger)	Missense Mutation (putative passenger)	Missense Mutation (putative passenger)	Missense Mutation (putative passenger)	Missense Mutation (putative passenger)	Missense Mutation (putative passenger)	Missense Mutation (putative passenger)	Missense Mutation (putative passenger)	Missense Mutation (putative passenger)	Missense Mutation (putative passenger)	Missense Mutation (putative passenger)	Missense Mutation (putative passenger)	Missense Mutation (putative passenger)																																																																																																																																																																																																																																																																																																																														
SMAD2	MUTATIONS																																																																																																														Missense Mutation (putative passenger)		Missense Mutation (putative passenger)																																																														Truncating mutation (putative driver)																								Missense Mutation (putative driver)	Missense Mutation (putative passenger)	Missense Mutation (putative passenger)	Missense Mutation (putative passenger)	Missense Mutation (putative passenger)																																																																																																																																																																																																																																																																																																													
SMAD3	MUTATIONS							Missense Mutation (putative driver)																																																																																					Missense Mutation (putative passenger)	Missense Mutation (putative passenger)																																			Missense Mutation (putative passenger)																																																																																					Missense Mutation (putative passenger)						Missense Mutation (putative driver)	Missense Mutation (putative passenger)	Missense Mutation (putative passenger)																																																																																																																																																																																																																																																																																										
SMAD4	MUTATIONS																											Truncating mutation (putative driver)																																Truncating mutation (putative driver)																											Missense Mutation (putative driver)												Missense Mutation (putative driver)					Truncating mutation (putative driver)										Truncating mutation (putative driver)																																																													Missense Mutation (putative driver)																																							Missense Mutation (putative driver)									Missense Mutation (putative passenger)										Missense Mutation (putative driver)			Truncating mutation (putative driver)	Truncating mutation (putative driver)	Truncating mutation (putative driver)	Truncating mutation (putative driver)	Missense Mutation (putative driver)	Missense Mutation (putative driver)	Missense Mutation (putative driver)	Missense Mutation (putative driver)	Missense Mutation (putative driver)	Missense Mutation (putative passenger)	Missense Mutation (putative passenger)	Missense Mutation (putative passenger)	Missense Mutation (putative passenger)	Missense Mutation (putative passenger)																																																																																																																																																																																																																																																															
VIM	MUTATIONS																																																																																																																																																																																		Truncating mutation (putative passenger)																																																																			Truncating mutation (putative passenger)																					Truncating mutation (putative passenger)	Truncating mutation (putative passenger)	Missense Mutation (putative passenger)	Missense Mutation (putative passenger)																																																																																																																																																																																																																																										
TP53	MUTATIONS	Missense Mutation (putative driver)	Truncating mutation (putative driver)	Missense Mutation (putative driver)	Missense Mutation (putative driver)		Missense Mutation (putative driver)		Truncating mutation (putative driver)	Truncating mutation (putative driver)	Truncating mutation (putative driver)	Inframe Mutation (putative driver)	Missense Mutation (putative driver)		Missense Mutation (putative driver)	Truncating mutation (putative driver)		Truncating mutation (putative driver)		Missense Mutation (putative driver)		Truncating mutation (putative driver)	Truncating mutation (putative driver)	Inframe Mutation (putative driver)	Truncating mutation (putative driver)	Truncating mutation (putative driver)	Missense Mutation (putative driver)			Truncating mutation (putative driver)	Missense Mutation (putative driver)				Truncating mutation (putative driver)	Missense Mutation (putative driver)	Missense Mutation (putative driver)	Missense Mutation (putative driver)				Missense Mutation (putative driver)			Missense Mutation (putative driver)	Truncating mutation (putative driver)	Missense Mutation (putative driver)	Missense Mutation (putative driver)						Missense Mutation (putative driver)	Truncating mutation (putative driver)	Missense Mutation (putative driver)		Missense Mutation (putative driver)				Truncating mutation (putative driver)	Truncating mutation (putative driver)	Truncating mutation (putative driver)	Missense Mutation (putative driver)	Missense Mutation (putative driver)	Missense Mutation (putative driver)		Truncating mutation (putative driver)	Truncating mutation (putative driver)	Missense Mutation (putative driver)	Missense Mutation (putative driver)					Missense Mutation (putative driver)	Missense Mutation (putative driver)	Missense Mutation (putative driver)				Truncating mutation (putative driver)	Missense Mutation (putative driver)			Missense Mutation (putative driver)	Missense Mutation (putative driver)	Truncating mutation (putative driver)	Missense Mutation (putative driver)	Truncating mutation (putative driver)	Truncating mutation (putative driver)	Missense Mutation (putative driver)	Missense Mutation (putative driver)					Truncating mutation (putative driver)	Truncating mutation (putative driver)		Missense Mutation (putative driver)	Truncating mutation (putative driver)	Truncating mutation (putative driver)		Truncating mutation (putative driver)	Truncating mutation (putative driver)	Missense Mutation (putative driver)	Truncating mutation (putative driver)	Missense Mutation (putative driver)	Missense Mutation (putative driver)		Missense Mutation (putative driver)	Missense Mutation (putative driver)		Missense Mutation (putative driver)	Truncating mutation (putative driver)	Truncating mutation (putative driver)	Missense Mutation (putative driver)	Missense Mutation (putative driver)	Missense Mutation (putative driver)	Missense Mutation (putative driver)					Truncating mutation (putative driver)	Truncating mutation (putative driver)		Missense Mutation (putative driver)		Missense Mutation (putative driver)	Missense Mutation (putative driver)	Missense Mutation (putative driver)	Missense Mutation (putative driver)						Missense Mutation (putative driver)									Inframe Mutation (putative driver)		Missense Mutation (putative driver)			Missense Mutation (putative driver)			Missense Mutation (putative driver)	Truncating mutation (putative driver)	Truncating mutation (putative driver)	Missense Mutation (putative driver)	Missense Mutation (putative driver)	Missense Mutation (putative driver)	Missense Mutation (putative driver)	Missense Mutation (putative driver)					Missense Mutation (putative driver)	Truncating mutation (putative driver)	Missense Mutation (putative driver)	Missense Mutation (putative driver)		Missense Mutation (putative driver)	Truncating mutation (putative driver)	Missense Mutation (putative driver)	Truncating mutation (putative driver)	Missense Mutation (putative driver)	Truncating mutation (putative driver)	Truncating mutation (putative driver)						Missense Mutation (putative driver)									Missense Mutation (putative driver)	Truncating mutation (putative driver)			Missense Mutation (putative driver)	Truncating mutation (putative driver)	Missense Mutation (putative driver)		Truncating mutation (putative driver)		Missense Mutation (putative driver)	Missense Mutation (putative driver)	Missense Mutation (putative driver)						Missense Mutation (putative driver)	Missense Mutation (putative driver)	Truncating mutation (putative driver)	Truncating mutation (putative driver)	Truncating mutation (putative driver)		Truncating mutation (putative driver)	Missense Mutation (putative driver)		Truncating mutation (putative driver)	Truncating mutation (putative driver)	Missense Mutation (putative driver)	Missense Mutation (putative driver)	Missense Mutation (putative driver)						Truncating mutation (putative driver)		Missense Mutation (putative driver)	Missense Mutation (putative driver)					Truncating mutation (putative driver)	Missense Mutation (putative driver)			Missense Mutation (putative driver)	Truncating mutation (putative driver)	Missense Mutation (putative driver)				Missense Mutation (putative driver)			Truncating mutation (putative driver)	Truncating mutation (putative driver)	Truncating mutation (putative driver)	Truncating mutation (putative driver)	Truncating mutation (putative driver)	Truncating mutation (putative driver)	Truncating mutation (putative driver)	Missense Mutation (putative driver)						Missense Mutation (putative driver)		Truncating mutation (putative driver)	Truncating mutation (putative driver)			Truncating mutation (putative driver)	Missense Mutation (putative driver)		Truncating mutation (putative driver)	Truncating mutation (putative driver)	Truncating mutation (putative driver)	Truncating mutation (putative driver)	Truncating mutation (putative driver)	Truncating mutation (putative driver)	Truncating mutation (putative driver)	Truncating mutation (putative driver)	Truncating mutation (putative driver)	Truncating mutation (putative driver)	Truncating mutation (putative driver)	Truncating mutation (putative driver)	Truncating mutation (putative driver)	Truncating mutation (putative driver)	Truncating mutation (putative driver)	Truncating mutation (putative driver)	Truncating mutation (putative driver)	Truncating mutation (putative driver)	Truncating mutation (putative driver)	Truncating mutation (putative driver)	Truncating mutation (putative driver)	Truncating mutation (putative driver)	Truncating mutation (putative driver)	Truncating mutation (putative driver)	Truncating mutation (putative driver)	Truncating mutation (putative driver)	Truncating mutation (putative driver)	Truncating mutation (putative driver)	Truncating mutation (putative driver)	Truncating mutation (putative driver)	Truncating mutation (putative driver)	Truncating mutation (putative driver)	Truncating mutation (putative driver)	Truncating mutation (putative driver)	Truncating mutation (putative driver)	Truncating mutation (putative driver)	Truncating mutation (putative driver)	Truncating mutation (putative driver)	Truncating mutation (putative driver)	Inframe Mutation (putative driver)	Missense Mutation (putative driver)	Missense Mutation (putative driver)	Missense Mutation (putative driver)	Missense Mutation (putative driver)	Missense Mutation (putative driver)	Missense Mutation (putative driver)	Missense Mutation (putative driver)	Missense Mutation (putative driver)	Missense Mutation (putative driver)	Missense Mutation (putative driver)	Missense Mutation (putative driver)	Missense Mutation (putative driver)	Missense Mutation (putative driver)	Missense Mutation (putative driver)	Missense Mutation (putative driver)	Missense Mutation (putative driver)	Missense Mutation (putative driver)	Missense Mutation (putative driver)	Missense Mutation (putative driver)	Missense Mutation (putative driver)	Missense Mutation (putative driver)	Missense Mutation (putative driver)	Missense Mutation (putative driver)	Missense Mutation (putative driver)	Missense Mutation (putative driver)	Missense Mutation (putative driver)	Missense Mutation (putative driver)	Missense Mutation (putative driver)	Missense Mutation (putative driver)	Missense Mutation (putative driver)	Missense Mutation (putative driver)	Missense Mutation (putative driver)	Missense Mutation (putative driver)	Missense Mutation (putative driver)	Missense Mutation (putative driver)	Missense Mutation (putative driver)	Missense Mutation (putative driver)	Missense Mutation (putative driver)	Missense Mutation (putative driver)	Missense Mutation (putative driver)	Missense Mutation (putative driver)	Missense Mutation (putative driver)	Missense Mutation (putative driver)	Missense Mutation (putative driver)	Missense Mutation (putative driver)	Missense Mutation (putative driver)	Missense Mutation (putative driver)	Missense Mutation (putative driver)	Missense Mutation (putative driver)	Missense Mutation (putative driver)	Missense Mutation (putative driver)	Missense Mutation (putative driver)	Missense Mutation (putative driver)	Missense Mutation (putative driver)	Missense Mutation (putative driver)	Missense Mutation (putative driver)	Missense Mutation (putative driver)	Missense Mutation (putative driver)	Missense Mutation (putative driver)	Missense Mutation (putative driver)	Missense Mutation (putative driver)	Missense Mutation (putative driver)	Missense Mutation (putative driver)	Missense Mutation (putative driver)	Missense Mutation (putative driver)	Missense Mutation (putative driver)	Missense Mutation (putative driver)	Missense Mutation (putative driver)	Missense Mutation (putative driver)																																																																																																																								
CDH1	MUTATIONS																																			Missense Mutation (putative passenger)																											Missense Mutation (putative passenger)																				Missense Mutation (putative passenger)																																																																																												Truncating mutation (putative driver)																																																																																																						Missense Mutation (putative passenger)																																									Missense Mutation (putative passenger)																																																																																																																																																																																										
MAPK3	MUTATIONS																																																																													Missense Mutation (putative passenger)																																																																																																			Missense Mutation (putative passenger)																																																																																																							Missense Mutation (putative passenger)																																																																																																																																																																																																																																
AKT2	MUTATIONS																																									Missense Mutation (putative passenger)																																																												Missense Mutation (putative passenger)																													Missense Mutation (putative passenger)																																																																									Missense Mutation (putative passenger)																																																																	Missense Mutation (putative passenger)																																																																																																																												Missense Mutation (putative passenger)	Missense Mutation (putative passenger)																																																																																																														
MIR-203/203A	MUTATIONS																																																																																																																																																																																																																																																																																																																																																																																																																																																																																																																							
MIR-34/34A	MUTATIONS																																																																																																																																																																																																																																																																																																																																																																																																																																																																																																																							
SNAI2	MUTATIONS									Missense Mutation (putative passenger)																																																																				Missense Mutation (putative passenger)																																																																																																				Missense Mutation (putative passenger)																																													Missense Mutation (putative passenger)																							Missense Mutation (putative passenger)										Missense Mutation (putative passenger)	Missense Mutation (putative passenger)																																																																																		Truncating mutation (putative passenger)	Truncating mutation (putative passenger)																																																							Missense Mutation (putative passenger)																																																																																																													
TP73	MUTATIONS																	Missense Mutation (putative passenger)																																																																																												Missense Mutation (putative passenger)												Missense Mutation (putative passenger)												Inframe Mutation (putative passenger)																																																																						Missense Mutation (putative passenger)																																																																																																																																											Missense Mutation (putative passenger)																																																																																																																																																																	
AKT1	MUTATIONS																																																																																																														Missense Mutation (putative passenger)																									Missense Mutation (putative driver)																																																																																																																																																											Missense Mutation (putative driver)	Missense Mutation (putative driver)																																																																																																																																																																																																																				
TP63	MUTATIONS																						Missense Mutation (putative passenger)																																																																																					Missense Mutation (putative passenger)													Missense Mutation (putative passenger)	Missense Mutation (putative passenger)																																																																										Missense Mutation (putative passenger)						Missense Mutation (putative passenger)																			Truncating mutation (putative driver)														Missense Mutation (putative passenger)																							Missense Mutation (putative passenger)																																																																																						Missense Mutation (putative passenger)		Missense Mutation (putative passenger)																																																																												Missense Mutation (putative passenger)																																																																																		
ZEB2	MUTATIONS									Missense Mutation (putative passenger)	Missense Mutation (putative passenger)				Missense Mutation (putative passenger)						Missense Mutation (putative passenger)	Missense Mutation (putative passenger)											Truncating mutation (putative passenger)																																								Missense Mutation (putative passenger)					Truncating mutation (putative passenger)					Missense Mutation (putative passenger)					Missense Mutation (putative passenger)				Missense Mutation (putative passenger)							Missense Mutation (putative passenger)									Truncating mutation (putative passenger)																										Truncating mutation (putative passenger)																																											Missense Mutation (putative passenger)		Truncating mutation (putative passenger)					Missense Mutation (putative passenger)																				Missense Mutation (putative passenger)																																										Missense Mutation (putative passenger)											Missense Mutation (putative passenger)																														Missense Mutation (putative passenger)						Missense Mutation (putative passenger)				Truncating mutation (putative passenger)	Missense Mutation (putative passenger)																																								Missense Mutation (putative passenger)		Missense Mutation (putative passenger)				Truncating mutation (putative passenger)		Missense Mutation (putative passenger)	Missense Mutation (putative passenger)	Missense Mutation (putative passenger)																																															Missense Mutation (putative passenger)				Truncating mutation (putative passenger)																							Truncating mutation (putative passenger)																																																																																		
TGFBR1	MUTATIONS																																														Missense Mutation (putative passenger)															Missense Mutation (putative passenger)																																																							Truncating mutation (putative driver)							Missense Mutation (putative passenger)																																																													Missense Mutation (putative passenger)																																																																																																																																																																				Missense Mutation (putative passenger)																																																																									Missense Mutation (putative passenger)																																																																																		
ZEB1	MUTATIONS	Missense Mutation (putative passenger)																													Truncating mutation (putative passenger)																											Missense Mutation (putative passenger)						Missense Mutation (putative passenger)																			Missense Mutation (putative passenger)																			Missense Mutation (putative passenger)												Truncating mutation (putative passenger)				Truncating mutation (putative passenger)																															Missense Mutation (putative passenger)						Missense Mutation (putative passenger)																		Missense Mutation (putative passenger)						Missense Mutation (putative passenger)																						Missense Mutation (putative passenger)				Missense Mutation (putative passenger)										Missense Mutation (putative passenger)																Missense Mutation (putative passenger)																																					Missense Mutation (putative passenger)									Missense Mutation (putative passenger)														Missense Mutation (putative passenger)								Missense Mutation (putative passenger)	Missense Mutation (putative passenger)																Missense Mutation (putative passenger)			Missense Mutation (putative passenger)		Missense Mutation (putative passenger)																																	Missense Mutation (putative passenger)	Missense Mutation (putative passenger)																																									Missense Mutation (putative passenger)															Missense Mutation (putative passenger)	Missense Mutation (putative passenger)							Missense Mutation (putative passenger)										Truncating mutation (putative passenger)	Missense Mutation (putative passenger)	Missense Mutation (putative passenger)	Missense Mutation (putative passenger)	Missense Mutation (putative passenger)																																																																							
CDKN1A	MUTATIONS																																																																																																																																																																Missense Mutation (putative passenger)																																																																																																																							Missense Mutation (putative passenger)																																																																																																																																																																																																																																
TWIST1	MRNA	mRNA High																		mRNA High	mRNA High	mRNA High	mRNA High	mRNA High	mRNA High	mRNA High	mRNA High	mRNA High	mRNA High	mRNA High	mRNA High	mRNA High	mRNA High	mRNA High	mRNA High	mRNA High	mRNA High	mRNA High	mRNA High	mRNA High	mRNA High																																																																																																																																																																																																																																																																																																																																																																																																																																																																															
SNAI1	MRNA																			mRNA High	mRNA High																							mRNA High										mRNA High				mRNA High	mRNA High	mRNA High	mRNA High	mRNA High	mRNA High	mRNA High	mRNA High	mRNA High	mRNA High	mRNA High	mRNA High	mRNA High	mRNA High	mRNA High	mRNA High	mRNA High	mRNA High	mRNA High																																																																																																																																																																																																																																																																																																																																																																																																																																												
MIR-200A/200A	MRNA																																																																																																																																																																																																																																																																																																																																																																																																																																																																																																																							
DKK1	MRNA			mRNA High											mRNA High					mRNA High		mRNA High																																					mRNA High	mRNA High	mRNA High																mRNA High													mRNA High	mRNA High	mRNA High	mRNA High	mRNA High	mRNA High	mRNA High	mRNA High	mRNA High																																																																																																																																																																																																																																																																																																																																																																																																																						
CDH2	MRNA				mRNA High																			mRNA High	mRNA High	mRNA High																mRNA High												mRNA High																							mRNA High						mRNA High																mRNA High																												mRNA High	mRNA High	mRNA High	mRNA High	mRNA High	mRNA High	mRNA High	mRNA High	mRNA High	mRNA High	mRNA High	mRNA High																																																																																																																																																																																																																																																																																																																																																																														
CTNNB1	MRNA			mRNA High																																																								mRNA High				mRNA High																				mRNA High																																																																						mRNA High	mRNA High	mRNA High	mRNA High	mRNA High	mRNA High	mRNA High	mRNA High	mRNA High	mRNA High	mRNA High	mRNA High	mRNA High	mRNA High	mRNA High																																																																																																																																																																																																																																																																																																																																																
NOTCH1	MRNA																																																				mRNA High																																																												mRNA High																																						mRNA High																							mRNA High													mRNA High	mRNA High	mRNA High	mRNA High	mRNA High	mRNA High	mRNA High	mRNA High	mRNA High																																																																																																																																																																																																																																																																																																																					
SMAD2	MRNA					mRNA High	mRNA High								mRNA High									mRNA High			mRNA High																mRNA High		mRNA Low																mRNA High				mRNA High																					mRNA Low						mRNA High								mRNA High	mRNA High		mRNA High						mRNA High						mRNA High																																							mRNA High	mRNA Low																					mRNA High																				mRNA Low				mRNA High				mRNA High	mRNA High	mRNA High	mRNA High	mRNA High	mRNA High	mRNA High	mRNA High	mRNA High	mRNA High	mRNA Low	mRNA Low	mRNA Low	mRNA Low	mRNA Low																																																																																																																																																																																																																																																																																														
SMAD3	MRNA																			mRNA High																																													mRNA High																												mRNA High																																		mRNA High																													mRNA High																																																																			mRNA High	mRNA High	mRNA High	mRNA High	mRNA High	mRNA High	mRNA High	mRNA High	mRNA High	mRNA High																																																																																																																																																																																																																																																																																
SMAD4	MRNA		mRNA Low																		mRNA Low		mRNA High	mRNA High					mRNA High	mRNA Low	mRNA Low																								mRNA Low			mRNA Low	mRNA Low	mRNA Low						mRNA Low	mRNA Low																mRNA High			mRNA Low	mRNA High						mRNA Low	mRNA Low									mRNA High										mRNA High			mRNA High														mRNA High	mRNA High									mRNA High														mRNA High			mRNA High	mRNA Low													mRNA High				mRNA Low		mRNA Low	mRNA Low									mRNA Low									mRNA Low	mRNA Low	mRNA Low			mRNA Low			mRNA High	mRNA High									mRNA Low	mRNA Low	mRNA Low	mRNA Low			mRNA Low													mRNA Low	mRNA Low		mRNA Low	mRNA Low	mRNA Low		mRNA Low					mRNA Low					mRNA High	mRNA High	mRNA High	mRNA High	mRNA Low	mRNA Low	mRNA Low	mRNA Low	mRNA Low	mRNA Low	mRNA Low	mRNA Low	mRNA Low	mRNA Low	mRNA Low	mRNA Low	mRNA Low																																																																																																																																																																																																																																														
VIM	MRNA																															mRNA High	mRNA High	mRNA High																																		mRNA High									mRNA High																																																							mRNA High	mRNA High																																																																					mRNA High																																																mRNA High																					mRNA High	mRNA High																																																																																																																																																																																																																																								
TP53	MRNA																							mRNA High																																																					mRNA High																																										mRNA High																mRNA High					mRNA High		mRNA High																																																																																																																								mRNA High					mRNA High																																																	mRNA High	mRNA High																																																																																																																																																																																											
CDH1	MRNA								mRNA High					mRNA High																																	mRNA High		mRNA High				mRNA High	mRNA High																							mRNA Low			mRNA High						mRNA High						mRNA Low	mRNA High																											mRNA High												mRNA Low																										mRNA High				mRNA High	mRNA High																			mRNA High					mRNA High												mRNA High																								mRNA High		mRNA High								mRNA High												mRNA High																		mRNA High															mRNA High	mRNA High																																								mRNA High	mRNA High	mRNA High	mRNA High																																																															mRNA High	mRNA High	mRNA High	mRNA High	mRNA High																																																																																																																			
MAPK3	MRNA																				mRNA High																																																												mRNA High																							mRNA High		mRNA High									mRNA High																																																																																					mRNA High	mRNA High														mRNA High	mRNA High	mRNA High								mRNA High			mRNA High	mRNA High	mRNA High				mRNA High									mRNA High	mRNA High			mRNA High																	mRNA High																mRNA High																																											mRNA High		mRNA High	mRNA High																																																											mRNA High						mRNA High																																																																																																																	
AKT2	MRNA																	mRNA High							mRNA High											mRNA High										mRNA High															mRNA High	mRNA Low																													mRNA High		mRNA High	mRNA High					mRNA High			mRNA High																			mRNA High													mRNA High		mRNA Low							mRNA High	mRNA High	mRNA Low									mRNA High	mRNA High		mRNA Low	mRNA High	mRNA High			mRNA Low				mRNA High					mRNA Low						mRNA High			mRNA High								mRNA High								mRNA High					mRNA High								mRNA High						mRNA High	mRNA High					mRNA High					mRNA High								mRNA High	mRNA High	mRNA High											mRNA High				mRNA High																mRNA High							mRNA High				mRNA Low			mRNA High	mRNA High	mRNA High	mRNA High	mRNA Low																																		mRNA High								mRNA High	mRNA High	mRNA High	mRNA High	mRNA High	mRNA High	mRNA High	mRNA High	mRNA High	mRNA High																																																								mRNA High			mRNA High	mRNA High	mRNA High	mRNA High	mRNA Low	mRNA Low																																																																																																								
MIR-203/203A	MRNA																																																																																																																																																																																																																																																																																																																																																																																																																																																																																																																							
MIR-34/34A	MRNA																																																																																																																																																																																																																																																																																																																																																																																																																																																																																																																							
SNAI2	MRNA	mRNA High																		mRNA High						mRNA High						mRNA High							mRNA High																								mRNA High		mRNA High			mRNA High			mRNA High						mRNA High												mRNA High																																											mRNA High				mRNA High																																																					mRNA High																																			mRNA High																		mRNA High																													mRNA High		mRNA High															mRNA High	mRNA High																																																				mRNA High	mRNA High																																																																																																																																																																		
TP73	MRNA																																			mRNA High														mRNA High																																							mRNA High																																																																																																				mRNA High																																																													mRNA High	mRNA High																																							mRNA High																																																						mRNA High																																																														mRNA High	mRNA High	mRNA High	mRNA High	mRNA High																																																																																														
AKT1	MRNA				mRNA High					mRNA Low					mRNA Low								mRNA High		mRNA High				mRNA High		mRNA High									mRNA Low								mRNA Low										mRNA Low																				mRNA Low																																												mRNA High	mRNA High																						mRNA High					mRNA High							mRNA Low																														mRNA High																			mRNA High								mRNA High			mRNA Low						mRNA High										mRNA High																		mRNA High	mRNA High				mRNA High		mRNA High							mRNA High		mRNA Low			mRNA High				mRNA High		mRNA High		mRNA Low								mRNA High	mRNA High	mRNA High					mRNA High	mRNA High	mRNA High																																mRNA High	mRNA High									mRNA High		mRNA Low		mRNA High		mRNA High		mRNA Low																																									mRNA High													mRNA Low				mRNA High			mRNA High					mRNA High	mRNA High	mRNA High	mRNA High	mRNA High	mRNA High	mRNA High	mRNA High	mRNA Low	mRNA Low																																																																																				
TP63	MRNA	mRNA High							mRNA High																											mRNA High																																									mRNA High												mRNA High																																															mRNA High																																				mRNA High								mRNA High								mRNA High	mRNA High																																																																																													mRNA High							mRNA High																																								mRNA High																																																																																														mRNA High	mRNA High																																																																																
ZEB2	MRNA																															mRNA High																						mRNA High																				mRNA High	mRNA High		mRNA High																																																					mRNA High						mRNA High																																		mRNA High																				mRNA High	mRNA High	mRNA High										mRNA High																																																																						mRNA High											mRNA High																																																																		mRNA High	mRNA High																																										mRNA High	mRNA High																																mRNA High	mRNA High	mRNA High																																																																													
TGFBR1	MRNA																																																																																										mRNA High																																																			mRNA High																																																																mRNA High	mRNA High									mRNA High												mRNA High																																								mRNA High																																																																																				mRNA High																																							mRNA High																																																																																																																	
ZEB1	MRNA												mRNA High															mRNA High				mRNA High		mRNA High					mRNA High															mRNA High																							mRNA High															mRNA High													mRNA High																											mRNA High											mRNA High																																															mRNA High	mRNA High																												mRNA High																																																				mRNA High																		mRNA High												mRNA High																																																																																																																																																																																																											
CDKN1A	MRNA																																						mRNA High	mRNA High																												mRNA High																																																																																																																																			mRNA High																													mRNA High																																																																										mRNA High																												mRNA High																																																																																																								mRNA High	mRNA High	mRNA High	mRNA High	mRNA High																																																																		
TWIST1	PROTEIN																																																																																																																																																																																																																																																																																																																																																																																																																																																																																																																							
SNAI1	PROTEIN																																																																																																																																																																																																																																																																																																																																																																																																																																																																																																																							
MIR-200A/200A	PROTEIN																																																																																																																																																																																																																																																																																																																																																																																																																																																																																																																							
DKK1	PROTEIN																																																																																																																																																																																																																																																																																																																																																																																																																																																																																																																							
CDH2	PROTEIN																																																																																																																																																																																																																																																																																																																																																																																																																																																																																																																							
CTNNB1	PROTEIN																																																																																																																																																																																																																																																																																																																																																																																																																																																																																																																							
NOTCH1	PROTEIN																																																																																																																																																																																																																																																																																																																																																																																																																																																																																																																							
SMAD2	PROTEIN																																																																																																																																																																																																																																																																																																																																																																																																																																																																																																																							
SMAD3	PROTEIN																																																																																																																																																																																																																																																																																																																																																																																																																																																																																																																							
SMAD4	PROTEIN																																																																																																																																																																																																																																																																																																																																																																																																																																																																																																																							
VIM	PROTEIN																																																																																																																																																																																																																																																																																																																																																																																																																																																																																																																							
TP53	PROTEIN																																																																																																																																																																																																																																																																																																																																																																																																																																																																																																																							
CDH1	PROTEIN																																																																																																																																																																																																																																																																																																																																																																																																																																																																																																																							
MAPK3	PROTEIN																																																																																																																																																																																																																																																																																																																																																																																																																																																																																																																							
AKT2	PROTEIN																																																																																																																																																																																																																																																																																																																																																																																																																																																																																																																							
MIR-203/203A	PROTEIN																																																																																																																																																																																																																																																																																																																																																																																																																																																																																																																							
MIR-34/34A	PROTEIN																																																																																																																																																																																																																																																																																																																																																																																																																																																																																																																							
SNAI2	PROTEIN																																																																																																																																																																																																																																																																																																																																																																																																																																																																																																																							
TP73	PROTEIN																																																																																																																																																																																																																																																																																																																																																																																																																																																																																																																							
AKT1	PROTEIN																																																																																																																																																																																																																																																																																																																																																																																																																																																																																																																							
TP63	PROTEIN																																																																																																																																																																																																																																																																																																																																																																																																																																																																																																																							
ZEB2	PROTEIN																																																																																																																																																																																																																																																																																																																																																																																																																																																																																																																							
TGFBR1	PROTEIN																																																																																																																																																																																																																																																																																																																																																																																																																																																																																																																							
ZEB1	PROTEIN																																																																																																																																																																																																																																																																																																																																																																																																																																																																																																																							
CDKN1A	PROTEIN																																																																																																																																																																																																																																																																																																																																																																																																																																																																																																																							
TWIST1	FUSION																																																																																																																																																																																																																																																																																																																																																																																																																																																																																																																							
SNAI1	FUSION																																									Fusion	Fusion																																																																																																																																																																																																																																																																																																																																																																																																																																																																													
MIR-200A/200A	FUSION																																																																																																																																																																																																																																																																																																																																																																																																																																																																																																																							
DKK1	FUSION																																																																																																																																																																																																																																																																																																																																																																																																																																																																																																																							
CDH2	FUSION																																																																																																		Fusion																																																																																																																																																																																																																																																																																																																																																																																																																					
CTNNB1	FUSION																																																																																																																																																																																																																																																																																																																																																																																																																																																																																																																							
NOTCH1	FUSION																																																																																																																																																																								Fusion																																																																																																																																																																																																																																																																																																																																															
SMAD2	FUSION																																																																																																																	Fusion																																																																																																																																																																																																																																																																																																																																																																																																						
SMAD3	FUSION																																																																																																																																																																																																																																																																																																																																																																																																																																																																																																																							
SMAD4	FUSION																																																																																																																																																																																																																																																																																																																																																																																																																																																																																																																							
VIM	FUSION																																																																																																																																																																																																																																																																																																																																																																																																																																																																																																																							
TP53	FUSION																																																																																																																																																																																																																																																																																																																																																																																																																																																																																																																							
CDH1	FUSION																																																																																																																																																																Fusion																																																																																																																			Fusion																																																																																																																																																																																																																																				
MAPK3	FUSION																																																																																																																																																																																																																																																																																																																																																																																																																																																																																																																							
AKT2	FUSION																																																																																																																																																																																																																																																																																																																																																																																																																																																																																																																							
MIR-203/203A	FUSION																																																																																																																																																																																																																																																																																																																																																																																																																																																																																																																							
MIR-34/34A	FUSION																																																																																																																																																																																																																																																																																																																																																																																																																																																																																																																							
SNAI2	FUSION																																																																																																																																																																																																																																																																																																																																																																																																																																																																																																																							
TP73	FUSION																																																																																																																																																																																																																																																																																																																																																																																																																																																																																																																							
AKT1	FUSION																																																																																																																																																																																																																																																																																																																																																																																																																																																																																																																							
TP63	FUSION																																																																																																																																																																																																																																																																																																																																																																																																																																																																																																																							
ZEB2	FUSION																																																																																																																																																																																																																																																																																																																																																																																																																																																																																																																							
TGFBR1	FUSION																																																																																																																																																																																																																																																																																																																																																																																																																																																																																																																							
ZEB1	FUSION																																																																																																																																																																																																																																																																																																																																																																																																																																																																																																																							
CDKN1A	FUSION																																																																																																																																																																																																																																																																																																																																																																																																																																																																																																																							
