track_name	track_type	TCGA-DD-AADG	TCGA-DD-AACZ	TCGA-DD-A3A6	TCGA-CC-A7II	TCGA-CC-A7IJ	TCGA-CC-A3M9	TCGA-CC-A9FV	TCGA-DD-A11C	TCGA-CC-A1HT	TCGA-ED-A7XO	TCGA-2Y-A9H8	TCGA-DD-AAE2	TCGA-MR-A8JO	TCGA-G3-A25Y	TCGA-RC-A6M3	TCGA-DD-AAD5	TCGA-YA-A8S7	TCGA-DD-A4NS	TCGA-DD-AAVR	TCGA-ED-A627	TCGA-DD-A4ND	TCGA-G3-A7M8	TCGA-BC-A10T	TCGA-BC-A10X	TCGA-K7-A5RF	TCGA-5C-AAPD	TCGA-MI-A75H	TCGA-DD-AACK	TCGA-DD-A1EF	TCGA-FV-A3I0	TCGA-G3-A25V	TCGA-DD-AADB	TCGA-ZP-A9CY	TCGA-DD-A11D	TCGA-5R-AAAM	TCGA-BW-A5NP	TCGA-G3-AAV6	TCGA-DD-AACP	TCGA-BC-A69H	TCGA-BW-A5NQ	TCGA-DD-AADD	TCGA-FV-A4ZQ	TCGA-DD-AAE9	TCGA-DD-AAVQ	TCGA-DD-A39W	TCGA-RC-A6M6	TCGA-DD-AAED	TCGA-KR-A7K7	TCGA-DD-AACL	TCGA-XR-A8TE	TCGA-DD-A1ED	TCGA-ED-A97K	TCGA-DD-A11A	TCGA-DD-AACA	TCGA-G3-A25T	TCGA-ED-A8O5	TCGA-DD-A4NA	TCGA-DD-A1EH	TCGA-G3-A7M6	TCGA-DD-AA3A	TCGA-ED-A7PX	TCGA-DD-AADY	TCGA-ZP-A9D2	TCGA-DD-AACU	TCGA-DD-AADP	TCGA-CC-A7IH	TCGA-CC-A5UD	TCGA-DD-AAW1	TCGA-DD-A4NF	TCGA-EP-A12J	TCGA-DD-A73E	TCGA-G3-AAV4	TCGA-DD-A1EL	TCGA-5R-AA1C	TCGA-G3-AAV2	TCGA-CC-A7IK	TCGA-DD-AAC8	TCGA-G3-AAV3	TCGA-DD-AACB	TCGA-K7-A6G5	TCGA-DD-AAVX	TCGA-DD-A4NK	TCGA-DD-A3A4	TCGA-DD-A1EE	TCGA-G3-A6UC	TCGA-RC-A6M4	TCGA-ZP-A9D4	TCGA-EP-A26S	TCGA-KR-A7K0	TCGA-DD-AACD	TCGA-DD-AADU	TCGA-DD-AACX	TCGA-DD-AAVP	TCGA-WX-AA47	TCGA-4R-AA8I	TCGA-ED-A7PZ	TCGA-2Y-A9HA	TCGA-NI-A8LF	TCGA-UB-A7MD	TCGA-RG-A7D4	TCGA-ED-A7XP	TCGA-UB-A7MC	TCGA-DD-AAE3	TCGA-O8-A75V	TCGA-DD-A73A	TCGA-LG-A9QD	TCGA-G3-A5SL	TCGA-DD-A39V	TCGA-G3-AAV5	TCGA-ZS-A9CG	TCGA-3K-AAZ8	TCGA-2Y-A9H1	TCGA-DD-AAEE	TCGA-G3-AAV1	TCGA-DD-AAW3	TCGA-DD-A1EJ	TCGA-5C-A9VG	TCGA-CC-A7IL	TCGA-2Y-A9HB	TCGA-CC-A9FW	TCGA-CC-5262	TCGA-DD-A3A3	TCGA-DD-A4NI	TCGA-DD-A4NL	TCGA-DD-AACJ	TCGA-DD-AAD0	TCGA-DD-AADM	TCGA-DD-AAEB	TCGA-DD-AAEH	TCGA-DD-AAEK	TCGA-DD-AAVY	TCGA-DD-AAW2	TCGA-DD-A73D	TCGA-DD-A116	TCGA-EP-A2KC	TCGA-EP-A3JL	TCGA-EP-A3RK	TCGA-FV-A2QQ	TCGA-G3-A3CK	TCGA-MI-A75C	TCGA-XR-A8TF	TCGA-ZP-A9CV	TCGA-DD-AAD6	TCGA-BC-A5W4	TCGA-G3-A5SJ	TCGA-G3-A25Z	TCGA-EP-A2KA	TCGA-CC-5258	TCGA-QA-A7B7	TCGA-BC-A8YO	TCGA-G3-A7M9	TCGA-2Y-A9GU	TCGA-WQ-A9G7	TCGA-DD-AAEI	TCGA-CC-5263	TCGA-5R-AA1D	TCGA-DD-AAE0	TCGA-ED-A66Y	TCGA-CC-A3MA	TCGA-DD-A114	TCGA-DD-AADW	TCGA-DD-A4NN	TCGA-DD-A4NB	TCGA-DD-A4NH	TCGA-KR-A7K8	TCGA-DD-AADC	TCGA-DD-A4NQ	TCGA-DD-A113	TCGA-DD-A1EC	TCGA-BC-A10W	TCGA-CC-A3MC	TCGA-DD-A73G	TCGA-BC-A10Y	TCGA-CC-A7IE	TCGA-BC-4073	TCGA-2Y-A9H9	TCGA-K7-AAU7	TCGA-UB-A7MA	TCGA-CC-5260	TCGA-BC-A10Q	TCGA-2Y-A9H2	TCGA-FV-A23B	TCGA-BC-A216	TCGA-5C-A9VH	TCGA-WJ-A86L	TCGA-UB-AA0U	TCGA-FV-A3R2	TCGA-ED-A459	TCGA-G3-A25S	TCGA-DD-AACI	TCGA-ES-A2HT	TCGA-BC-A10R	TCGA-CC-A8HV	TCGA-G3-A5SM	TCGA-DD-AACY	TCGA-GJ-A3OU	TCGA-RC-A6M5	TCGA-DD-AACE	TCGA-DD-AAEA	TCGA-MI-A75G	TCGA-CC-A7IF	TCGA-DD-A3A9	TCGA-DD-AAC9	TCGA-DD-A119	TCGA-FV-A496	TCGA-DD-AACV	TCGA-DD-AACQ	TCGA-DD-AAE6	TCGA-DD-A3A7	TCGA-DD-AACG	TCGA-CC-A7IG	TCGA-DD-AADR	TCGA-WX-AA44	TCGA-2Y-A9H4	TCGA-DD-A1EI	TCGA-DD-AACF	TCGA-DD-AAD8	TCGA-DD-AADN	TCGA-G3-AAV7	TCGA-K7-A5RG	TCGA-UB-A7MF	TCGA-2Y-A9GY	TCGA-DD-AAVV	TCGA-RC-A7SB	TCGA-DD-A1EB	TCGA-FV-A4ZP	TCGA-DD-AAVU	TCGA-UB-A7MB	TCGA-DD-AACS	TCGA-BD-A3EP	TCGA-FV-A3I1	TCGA-DD-AAD3	TCGA-BW-A5NO	TCGA-2Y-A9GS	TCGA-BC-A10U	TCGA-BC-A217	TCGA-CC-A3MB	TCGA-CC-A5UE	TCGA-CC-A8HT	TCGA-CC-A8HU	TCGA-DD-AADL	TCGA-DD-AADV	TCGA-G3-A25U	TCGA-MI-A75I	TCGA-RC-A7SH	TCGA-RC-A7SK	TCGA-WQ-AB4B	TCGA-XR-A8TG	TCGA-DD-AADI	TCGA-ED-A82E	TCGA-DD-AACW	TCGA-DD-AADO	TCGA-EP-A2KB	TCGA-CC-5264	TCGA-CC-A9FU	TCGA-DD-AACH	TCGA-ED-A8O6	TCGA-2Y-A9H5	TCGA-DD-AADA	TCGA-UB-A7ME	TCGA-BC-A3KF	TCGA-KR-A7K2	TCGA-FV-A3R3	TCGA-DD-A118	TCGA-DD-A39X	TCGA-2Y-A9H0	TCGA-DD-AACT	TCGA-ED-A66X	TCGA-ZS-A9CE	TCGA-DD-A73C	TCGA-DD-A4NV	TCGA-G3-A3CI	TCGA-G3-AAV0	TCGA-MR-A520	TCGA-DD-AADF	TCGA-CC-A9FS	TCGA-DD-AAVS	TCGA-DD-AADK	TCGA-HP-A5MZ	TCGA-ZS-A9CD	TCGA-RC-A7SF	TCGA-DD-A3A8	TCGA-GJ-A9DB	TCGA-GJ-A6C0	TCGA-BD-A2L6	TCGA-2Y-A9GZ	TCGA-2Y-A9GT	TCGA-DD-AACO	TCGA-PD-A5DF	TCGA-DD-A115	TCGA-DD-AAW0	TCGA-ED-A5KG	TCGA-NI-A4U2	TCGA-2Y-A9GW	TCGA-ZS-A9CF	TCGA-XR-A8TD	TCGA-BC-A10Z	TCGA-DD-A3A5	TCGA-DD-A73B	TCGA-G3-AAUZ	TCGA-2V-A95S	TCGA-2Y-A9GV	TCGA-2Y-A9GX	TCGA-2Y-A9H3	TCGA-2Y-A9H6	TCGA-2Y-A9H7	TCGA-CC-A5UC	TCGA-DD-A1EK	TCGA-DD-A3A2	TCGA-DD-A4NJ	TCGA-DD-A4NO	TCGA-DD-A4NP	TCGA-DD-A4NR	TCGA-DD-A11B	TCGA-DD-A39Z	TCGA-DD-AACC	TCGA-DD-AACN	TCGA-DD-AAD1	TCGA-DD-AAD2	TCGA-DD-AADJ	TCGA-DD-AADQ	TCGA-DD-AADS	TCGA-DD-AAE1	TCGA-DD-AAE4	TCGA-DD-AAE7	TCGA-DD-AAEG	TCGA-DD-AAVW	TCGA-DD-AAVZ	TCGA-DD-A73F	TCGA-ED-A4XI	TCGA-ED-A7PY	TCGA-ES-A2HS	TCGA-FV-A2QR	TCGA-FV-A495	TCGA-G3-A3CH	TCGA-G3-A5SI	TCGA-G3-A7M5	TCGA-G3-A7M7	TCGA-HP-A5N0	TCGA-LG-A6GG	TCGA-LG-A9QC	TCGA-MI-A75E	TCGA-RC-A7S9	TCGA-UB-AA0V	TCGA-WX-AA46	TCGA-ZP-A9CZ	TCGA-ZP-A9D0	TCGA-ZP-A9D1
TWIST1	CNA																																																																																																																																																																																																																																																																																																																																																												
SNAI1	CNA								Amplification	Amplification	Amplification	Amplification	Amplification																																																																																																																																																																																																																																																																																																																																																
MIR-200A/200A	CNA																										Amplification	Deep Deletion	Deep Deletion	Deep Deletion	Deep Deletion	Deep Deletion	Deep Deletion	Deep Deletion	Deep Deletion																																																																																																																																																																																																																																																																																																																										
DKK1	CNA																																			Amplification																																																																																																																																																																																																																																																																																																																									
CDH2	CNA																																																				Amplification	Deep Deletion																																																																																																																																																																																																																																																																																																							
CTNNB1	CNA																																																																																																																																																																																																																																																																																																																																																												
NOTCH1	CNA																																														Amplification																																	Deep Deletion																																																																							Amplification	Amplification	Deep Deletion																																																																																																																																																																																																				
SMAD2	CNA																																																																																																																																																																					Amplification																																																																																																																																																																																							
SMAD3	CNA																																																																																																																																																																													Amplification	Deep Deletion	Deep Deletion																																																																																																																																																																													
SMAD4	CNA																																																																																																																																																																																							Deep Deletion																																																																																																																																																																					
VIM	CNA																Amplification																																																																																																																																																																																Amplification																																																																																																																																																												
TP53	CNA																																																																																															Deep Deletion																																																																																																							Deep Deletion	Deep Deletion	Deep Deletion	Deep Deletion	Deep Deletion	Deep Deletion	Deep Deletion																																																																																																																																																
CDH1	CNA																																																																																																																																																																																																																																																																																																																																																												
MAPK3	CNA																																																																																																																																																																																																													Amplification																																																																																																																																															
AKT2	CNA				Amplification																																																																																																																																																																														Amplification	Amplification																											Amplification																																																																																																																																														
MIR-203/203A	CNA		Deep Deletion						Deep Deletion																																																																																										Deep Deletion																																																																																																																																																																																	Deep Deletion																																																																									
MIR-34/34A	CNA																										Amplification	Deep Deletion	Deep Deletion	Deep Deletion	Deep Deletion																																																																											Deep Deletion																																																																																																																																																																																																																																																			
SNAI2	CNA						Amplification											Amplification																		Amplification				Amplification									Amplification																																Amplification																								Amplification		Amplification																																													Amplification			Amplification																				Amplification							Amplification																																														Amplification																																		Amplification															Amplification	Amplification	Amplification	Amplification	Amplification																																																																				
TP73	CNA																										Amplification	Deep Deletion	Deep Deletion	Deep Deletion	Deep Deletion	Deep Deletion		Deep Deletion																																																																																																																																																																																																																																																																																																																											
AKT1	CNA		Deep Deletion						Deep Deletion																																																																																										Deep Deletion																																																																																																											Amplification																																																																						Deep Deletion																																																																									
TP63	CNA					Amplification																																																																																																																																																																									Amplification																																																																																																																			Amplification																																																											
ZEB2	CNA																																																																																															Deep Deletion																																																																																																																																																																																																			Deep Deletion																																																										
TGFBR1	CNA																																																									Deep Deletion																																																																																																																																									Deep Deletion																																																																																																																																																										
ZEB1	CNA																Amplification																				Amplification																																																																																																																	Amplification																																											Amplification																																																																																																																																																												
CDKN1A	CNA																														Amplification																																																																	Deep Deletion																							Amplification																																																																																																														Amplification				Amplification																																													Amplification																																																																							
TWIST1	MUTATIONS	Missense Mutation (putative passenger)	Missense Mutation (putative passenger)																																																																																																																																																																																																																																																																																																																																																										
SNAI1	MUTATIONS																																																																																																																																																																																																																																																																																																																																																												
MIR-200A/200A	MUTATIONS																																																																																																																																																																																																																																																																																																																																																												
DKK1	MUTATIONS																																				Missense Mutation (putative passenger)																																																																																																																																																																																																																																																																																																																								
CDH2	MUTATIONS																																																						Missense Mutation (putative passenger)	Missense Mutation (putative passenger)																																																																																																																																																																																																																																																																																																					
CTNNB1	MUTATIONS	Missense Mutation (putative driver)																										Missense Mutation (putative driver)	Missense Mutation (putative driver)									Missense Mutation (putative driver)	Missense Mutation (putative driver)	Missense Mutation (putative driver)	Missense Mutation (putative driver)	Missense Mutation (putative driver)	Missense Mutation (putative driver)	Missense Mutation (putative driver)	Missense Mutation (putative driver)										Missense Mutation (putative driver)												Inframe Mutation (putative driver)	Missense Mutation (putative driver)	Missense Mutation (putative driver)	Missense Mutation (putative driver)	Missense Mutation (putative driver)	Missense Mutation (putative driver)	Missense Mutation (putative driver)	Missense Mutation (putative driver)	Missense Mutation (putative driver)	Missense Mutation (putative driver)	Missense Mutation (putative driver)	Missense Mutation (putative driver)	Missense Mutation (putative driver)	Missense Mutation (putative driver)	Missense Mutation (putative driver)	Missense Mutation (putative driver)	Missense Mutation (putative driver)	Missense Mutation (putative driver)	Missense Mutation (putative driver)	Missense Mutation (putative driver)	Missense Mutation (putative driver)	Missense Mutation (putative driver)	Missense Mutation (putative driver)	Missense Mutation (putative driver)	Missense Mutation (putative driver)	Missense Mutation (putative driver)	Missense Mutation (putative driver)	Missense Mutation (putative driver)	Missense Mutation (putative driver)	Missense Mutation (putative driver)	Missense Mutation (putative driver)	Missense Mutation (putative driver)	Missense Mutation (putative driver)	Missense Mutation (putative driver)	Missense Mutation (putative driver)	Missense Mutation (putative driver)	Missense Mutation (putative driver)	Missense Mutation (putative driver)	Missense Mutation (putative driver)	Missense Mutation (putative driver)	Missense Mutation (putative driver)	Missense Mutation (putative driver)	Missense Mutation (putative driver)	Missense Mutation (putative driver)	Missense Mutation (putative driver)	Missense Mutation (putative driver)	Missense Mutation (putative driver)	Missense Mutation (putative driver)	Missense Mutation (putative driver)	Missense Mutation (putative driver)	Missense Mutation (putative driver)	Missense Mutation (putative driver)	Missense Mutation (putative driver)	Missense Mutation (putative driver)	Missense Mutation (putative driver)	Missense Mutation (putative driver)	Missense Mutation (putative driver)	Missense Mutation (putative driver)	Missense Mutation (putative driver)	Missense Mutation (putative driver)	Missense Mutation (putative driver)	Missense Mutation (putative driver)	Missense Mutation (putative driver)	Missense Mutation (putative driver)	Missense Mutation (putative driver)	Missense Mutation (putative driver)	Missense Mutation (putative driver)	Missense Mutation (putative driver)	Missense Mutation (putative driver)	Missense Mutation (putative driver)	Missense Mutation (putative driver)	Missense Mutation (putative driver)	Missense Mutation (putative driver)	Missense Mutation (putative driver)	Missense Mutation (putative driver)	Missense Mutation (putative driver)	Missense Mutation (putative driver)	Truncating mutation (putative passenger)	Missense Mutation (putative passenger)	Missense Mutation (putative passenger)	Missense Mutation (putative passenger)	Missense Mutation (putative passenger)																																																																																																																																																																																																									
NOTCH1	MUTATIONS																																						Missense Mutation (putative passenger)																		Missense Mutation (putative passenger)																								Missense Mutation (putative passenger)	Missense Mutation (putative passenger)																																																																								Missense Mutation (putative passenger)	Missense Mutation (putative passenger)																																																																																																																																																																																																		
SMAD2	MUTATIONS																																																																																																																																																																																																																																																																																																																																																												
SMAD3	MUTATIONS																																																																																					Missense Mutation (putative passenger)	Missense Mutation (putative passenger)																																																																																										Missense Mutation (putative passenger)																																																																																																																																																																												
SMAD4	MUTATIONS																																																																																										Missense Mutation (putative driver)	Missense Mutation (putative passenger)																																																																		Truncating mutation (putative driver)																											Missense Mutation (putative driver)																																																																																																																																																																				
VIM	MUTATIONS																																																																																																																																																														Missense Mutation (putative passenger)																																			Truncating mutation (putative passenger)	Missense Mutation (putative passenger)	Missense Mutation (putative passenger)																																																																																																																																																									
TP53	MUTATIONS		Truncating mutation (putative driver)		Missense Mutation (putative driver)	Missense Mutation (putative driver)	Missense Mutation (putative driver)			Truncating mutation (putative driver)	Missense Mutation (putative driver)	Missense Mutation (putative driver)					Missense Mutation (putative driver)	Missense Mutation (putative driver)									Truncating mutation (putative driver)					Truncating mutation (putative driver)	Missense Mutation (putative driver)							Truncating mutation (putative driver)	Truncating mutation (putative driver)	Missense Mutation (putative driver)	Missense Mutation (putative driver)				Truncating mutation (putative driver)	Truncating mutation (putative driver)		Missense Mutation (putative driver)				Inframe Mutation (putative driver)						Missense Mutation (putative driver)				Missense Mutation (putative driver)	Missense Mutation (putative driver)			Missense Mutation (putative driver)					Truncating mutation (putative driver)	Missense Mutation (putative driver)						Missense Mutation (putative driver)					Truncating mutation (putative driver)											Inframe Mutation (putative driver)	Truncating mutation (putative driver)	Truncating mutation (putative driver)	Truncating mutation (putative driver)	Truncating mutation (putative driver)	Missense Mutation (putative driver)	Missense Mutation (putative driver)	Missense Mutation (putative driver)																																										Missense Mutation (putative driver)	Missense Mutation (putative driver)	Missense Mutation (putative driver)		Truncating mutation (putative driver)	Missense Mutation (putative driver)	Inframe Mutation (putative driver)	Truncating mutation (putative driver)		Missense Mutation (putative driver)	Truncating mutation (putative driver)	Truncating mutation (putative driver)		Missense Mutation (putative driver)		Missense Mutation (putative driver)	Missense Mutation (putative driver)	Missense Mutation (putative driver)					Truncating mutation (putative driver)											Missense Mutation (putative driver)						Missense Mutation (putative driver)		Truncating mutation (putative driver)		Truncating mutation (putative driver)	Missense Mutation (putative driver)				Truncating mutation (putative driver)	Missense Mutation (putative driver)	Truncating mutation (putative driver)		Missense Mutation (putative driver)		Truncating mutation (putative driver)	Missense Mutation (putative driver)	Missense Mutation (putative driver)					Truncating mutation (putative driver)	Truncating mutation (putative driver)	Truncating mutation (putative driver)	Truncating mutation (putative driver)	Truncating mutation (putative driver)	Truncating mutation (putative driver)	Truncating mutation (putative driver)	Truncating mutation (putative driver)	Truncating mutation (putative driver)	Truncating mutation (putative driver)	Truncating mutation (putative driver)	Truncating mutation (putative driver)	Truncating mutation (putative driver)	Truncating mutation (putative driver)	Truncating mutation (putative driver)	Truncating mutation (putative driver)	Missense Mutation (putative driver)	Missense Mutation (putative driver)	Missense Mutation (putative driver)	Missense Mutation (putative driver)	Missense Mutation (putative driver)	Missense Mutation (putative driver)	Missense Mutation (putative driver)	Missense Mutation (putative driver)	Missense Mutation (putative driver)	Missense Mutation (putative driver)	Missense Mutation (putative driver)	Missense Mutation (putative driver)	Missense Mutation (putative driver)	Missense Mutation (putative driver)	Missense Mutation (putative driver)	Missense Mutation (putative driver)	Missense Mutation (putative driver)	Missense Mutation (putative driver)	Missense Mutation (putative driver)	Missense Mutation (putative driver)	Missense Mutation (putative driver)	Missense Mutation (putative driver)	Missense Mutation (putative driver)	Missense Mutation (putative driver)	Missense Mutation (putative driver)	Missense Mutation (putative driver)	Missense Mutation (putative driver)	Missense Mutation (putative driver)																																																																																																				
CDH1	MUTATIONS																																																																																		Missense Mutation (putative passenger)																					Missense Mutation (putative passenger)																																																																												Truncating mutation (putative driver)																																																																						Truncating mutation (putative driver)									Truncating mutation (putative driver)	Missense Mutation (putative passenger)																																																																																									
MAPK3	MUTATIONS																																																																																																																																																																																																																																																																																																																																																												
AKT2	MUTATIONS														Missense Mutation (putative passenger)																																																																																																																																																																																																																																																																																																																																														
MIR-203/203A	MUTATIONS																																																																																																																																																																																																																																																																																																																																																												
MIR-34/34A	MUTATIONS																																																																																																																																																																																																																																																																																																																																																												
SNAI2	MUTATIONS																																																																																																																																																																																																																																																																																																																																																												
TP73	MUTATIONS																										Truncating mutation (putative passenger)																																																																																	Missense Mutation (putative passenger)																																																																																																																																																																																																																																																	
AKT1	MUTATIONS																																																																																																																																																																																																																																																																																																																																																												
TP63	MUTATIONS					Missense Mutation (putative passenger)																																																																																																														Truncating mutation (putative driver)	Missense Mutation (putative passenger)																																			Missense Mutation (putative passenger)																																																																																																																																																																																																					
ZEB2	MUTATIONS																																																																								Missense Mutation (putative passenger)																																																																																																Missense Mutation (putative passenger)						Truncating mutation (putative passenger)														Missense Mutation (putative passenger)		Missense Mutation (putative passenger)																																																																																																					Missense Mutation (putative passenger)																																																									
TGFBR1	MUTATIONS																																																																																																																																																																																																																																																																																																					Missense Mutation (putative passenger)																																																							
ZEB1	MUTATIONS																																																																																											Truncating mutation (putative passenger)																Missense Mutation (putative passenger)																																																																																																																																																																Missense Mutation (putative passenger)																																																																																	
CDKN1A	MUTATIONS																																																																																				Truncating mutation (putative driver)																																																																																																									Truncating mutation (putative driver)																																																																																												Truncating mutation (putative driver)				Missense Mutation (putative passenger)											Truncating mutation (putative driver)																																																				
TWIST1	MRNA			mRNA High	mRNA High	mRNA High	mRNA High	mRNA High																																																																																																																																																																																																																																																																																																																																																					
SNAI1	MRNA			mRNA High										mRNA High	mRNA High	mRNA High	mRNA High	mRNA High	mRNA High	mRNA High	mRNA High	mRNA High	mRNA High	mRNA High	mRNA High	mRNA High																																																																																																																																																																																																																																																																																																																																			
MIR-200A/200A	MRNA																																																																																																																																																																																																																																																																																																																																																												
DKK1	MRNA																																					mRNA High	mRNA High	mRNA High	mRNA High	mRNA High	mRNA High	mRNA High	mRNA High	mRNA High	mRNA High	mRNA High	mRNA High	mRNA High	mRNA High	mRNA High																																																																																																																																																																																																																																																																																																									
CDH2	MRNA								mRNA High																																																mRNA High	mRNA High	mRNA High	mRNA High	mRNA High	mRNA High	mRNA High	mRNA High	mRNA High	mRNA High																																																																																																																																																																																																																																																																																											
CTNNB1	MRNA																													mRNA High								mRNA High								mRNA High									mRNA High													mRNA High	mRNA High	mRNA High	mRNA High	mRNA High	mRNA High	mRNA High	mRNA High	mRNA High	mRNA High	mRNA High	mRNA High																																																																						mRNA High	mRNA High																																																																																																																																																																																																							
NOTCH1	MRNA				mRNA High									mRNA High	mRNA High																																mRNA High											mRNA High	mRNA High	mRNA High																							mRNA High																																																																				mRNA High	mRNA High		mRNA High		mRNA High	mRNA High	mRNA High	mRNA High	mRNA High	mRNA High	mRNA High	mRNA High	mRNA High	mRNA High																																																																																																																																																																																								
SMAD2	MRNA					mRNA High										mRNA High																																										mRNA High			mRNA High	mRNA High																						mRNA High	mRNA High																																																											mRNA Low												mRNA High	mRNA High										mRNA High	mRNA High	mRNA High	mRNA High	mRNA High	mRNA High	mRNA Low																																																																																																																																																																																
SMAD3	MRNA									mRNA High																																						mRNA High					mRNA High		mRNA High	mRNA High					mRNA High							mRNA High	mRNA High	mRNA High	mRNA High	mRNA High																mRNA High	mRNA High	mRNA High																																																																																								mRNA High	mRNA High	mRNA High	mRNA High	mRNA High	mRNA High																																																																																																																																																																						
SMAD4	MRNA																mRNA Low	mRNA Low																															mRNA Low								mRNA High		mRNA High				mRNA High																					mRNA Low									mRNA Low	mRNA Low	mRNA Low																																																								mRNA High					mRNA High		mRNA Low															mRNA Low											mRNA Low		mRNA High	mRNA High	mRNA Low	mRNA Low	mRNA Low	mRNA Low	mRNA Low																																																																																																																																																													
VIM	MRNA			mRNA High			mRNA High	mRNA High						mRNA High					mRNA High												mRNA High																														mRNA High																																																																																																mRNA High			mRNA High																																					mRNA High	mRNA High																																																																																																																																																							
TP53	MRNA					mRNA High																								mRNA High																	mRNA Low		mRNA High												mRNA High							mRNA High					mRNA Low																								mRNA Low	mRNA Low																																																																						mRNA Low							mRNA High				mRNA High							mRNA Low		mRNA Low											mRNA Low							mRNA Low	mRNA Low	mRNA Low	mRNA Low	mRNA Low	mRNA Low																																							mRNA High	mRNA High	mRNA High	mRNA High	mRNA High	mRNA Low	mRNA Low	mRNA Low	mRNA Low																																																																																											
CDH1	MRNA							mRNA High																							mRNA High																											mRNA High				mRNA High		mRNA High																																																																																mRNA High													mRNA High																								mRNA High	mRNA High																																																																					mRNA High										mRNA High	mRNA High	mRNA High	mRNA High	mRNA High																																																																																				
MAPK3	MRNA							mRNA High									mRNA High																mRNA High															mRNA Low												mRNA High								mRNA High												mRNA High																	mRNA High				mRNA High				mRNA High																																																																						mRNA High						mRNA High									mRNA High																						mRNA High										mRNA High	mRNA High	mRNA High																															mRNA High						mRNA High					mRNA High	mRNA High	mRNA High	mRNA High																																																																																
AKT2	MRNA	mRNA High			mRNA High						mRNA High									mRNA Low													mRNA High																											mRNA High									mRNA High																			mRNA High									mRNA High																																																											mRNA Low													mRNA High										mRNA High	mRNA High											mRNA Low									mRNA High	mRNA High						mRNA High	mRNA High	mRNA High	mRNA Low															mRNA High	mRNA High	mRNA Low																									mRNA High				mRNA High														mRNA High	mRNA High	mRNA High	mRNA High	mRNA High	mRNA High																																																																										
MIR-203/203A	MRNA																																																																																																																																																																																																																																																																																																																																																												
MIR-34/34A	MRNA																																																																																																																																																																																																																																																																																																																																																												
SNAI2	MRNA					mRNA High	mRNA High											mRNA High										mRNA High																		mRNA High									mRNA High															mRNA High	mRNA High			mRNA High	mRNA High	mRNA High				mRNA High												mRNA High														mRNA High		mRNA High	mRNA High	mRNA High	mRNA High																																								mRNA High						mRNA High																																																								mRNA High												mRNA High				mRNA High																																	mRNA High															mRNA High					mRNA High	mRNA High	mRNA High																																																																	
TP73	MRNA																										mRNA High																																																																																																																											mRNA High	mRNA High										mRNA High								mRNA High																																																												mRNA High	mRNA High																											mRNA High																												mRNA High																																																																
AKT1	MRNA		mRNA Low				mRNA High	mRNA High								mRNA High		mRNA High																								mRNA Low																																	mRNA Low																	mRNA Low	mRNA Low	mRNA Low					mRNA Low			mRNA Low				mRNA High			mRNA Low			mRNA High	mRNA Low	mRNA Low	mRNA Low																													mRNA Low	mRNA High			mRNA High								mRNA High							mRNA High																mRNA Low					mRNA High						mRNA Low	mRNA Low															mRNA High				mRNA Low	mRNA Low		mRNA Low														mRNA Low				mRNA High	mRNA High																					mRNA Low										mRNA High			mRNA Low				mRNA High						mRNA Low										mRNA High	mRNA High	mRNA High	mRNA Low																																																												
TP63	MRNA																	mRNA High										mRNA High																																									mRNA High			mRNA High																																													mRNA High																																		mRNA High				mRNA High																												mRNA High																															mRNA High											mRNA High																														mRNA High												mRNA High																																																																																		
ZEB2	MRNA			mRNA High			mRNA High	mRNA High						mRNA High					mRNA High		mRNA High																																																																																																																																								mRNA High							mRNA High																																	mRNA High																																																																																																mRNA High																																																								
TGFBR1	MRNA								mRNA High					mRNA High		mRNA High																																																																																																						mRNA High																																														mRNA High						mRNA High								mRNA High																																																																																																																					mRNA High	mRNA High																																																					
ZEB1	MRNA					mRNA High								mRNA High								mRNA High																													mRNA High							mRNA High									mRNA High			mRNA High							mRNA High																																																																																mRNA High							mRNA High																													mRNA High																																																																							mRNA High							mRNA High																																																																														
CDKN1A	MRNA			mRNA High																			mRNA High																																																																																																																															mRNA High																			mRNA High		mRNA High	mRNA High		mRNA High												mRNA High				mRNA High		mRNA High																mRNA High														mRNA High												mRNA High																																										mRNA High										mRNA High	mRNA High			mRNA High							mRNA High	mRNA High	mRNA High	mRNA High	mRNA High																																																
TWIST1	PROTEIN																																																																																																																																																																																																																																																																																																																																																												
SNAI1	PROTEIN																																																																																																																																																																																																																																																																																																																																																												
MIR-200A/200A	PROTEIN																																																																																																																																																																																																																																																																																																																																																												
DKK1	PROTEIN																																																																																																																																																																																																																																																																																																																																																												
CDH2	PROTEIN																																																																																																																																																																																																																																																																																																																																																												
CTNNB1	PROTEIN																																																																																																																																																																																																																																																																																																																																																												
NOTCH1	PROTEIN																																																																																																																																																																																																																																																																																																																																																												
SMAD2	PROTEIN																																																																																																																																																																																																																																																																																																																																																												
SMAD3	PROTEIN																																																																																																																																																																																																																																																																																																																																																												
SMAD4	PROTEIN																																																																																																																																																																																																																																																																																																																																																												
VIM	PROTEIN																																																																																																																																																																																																																																																																																																																																																												
TP53	PROTEIN																																																																																																																																																																																																																																																																																																																																																												
CDH1	PROTEIN																																																																																																																																																																																																																																																																																																																																																												
MAPK3	PROTEIN																																																																																																																																																																																																																																																																																																																																																												
AKT2	PROTEIN																																																																																																																																																																																																																																																																																																																																																												
MIR-203/203A	PROTEIN																																																																																																																																																																																																																																																																																																																																																												
MIR-34/34A	PROTEIN																																																																																																																																																																																																																																																																																																																																																												
SNAI2	PROTEIN																																																																																																																																																																																																																																																																																																																																																												
TP73	PROTEIN																																																																																																																																																																																																																																																																																																																																																												
AKT1	PROTEIN																																																																																																																																																																																																																																																																																																																																																												
TP63	PROTEIN																																																																																																																																																																																																																																																																																																																																																												
ZEB2	PROTEIN																																																																																																																																																																																																																																																																																																																																																												
TGFBR1	PROTEIN																																																																																																																																																																																																																																																																																																																																																												
ZEB1	PROTEIN																																																																																																																																																																																																																																																																																																																																																												
CDKN1A	PROTEIN																																																																																																																																																																																																																																																																																																																																																												
TWIST1	FUSION																																																																																																																																																																																																																																																																																																																																																												
SNAI1	FUSION																																																																																																																																																																																																																																																																																																																																																												
MIR-200A/200A	FUSION																																																																																																																																																																																																																																																																																																																																																												
DKK1	FUSION																																																																																																																																																																																																																																																																																																																																																												
CDH2	FUSION																																																																																																																																																																																																																																																																																																																																																												
CTNNB1	FUSION																																																																																																																																																																																																																																																																																																																																																												
NOTCH1	FUSION																																																																																																																																																																																																																																																																																																																																																												
SMAD2	FUSION																																																																																																																																																																																																																																																																																																																																																												
SMAD3	FUSION																																																																																																																																																																																																																																																																																																																																																												
SMAD4	FUSION																																																																																																																																																																																																																																																																																																																																																												
VIM	FUSION																																																																																																																																																																																																																																																																																																																																																												
TP53	FUSION																																																																																																																																																																																																																																																																																																																																																												
CDH1	FUSION																																																																																																																																																																																																																																																																																																																																																												
MAPK3	FUSION																																																																																																																																																																																																																																																																																																																																																												
AKT2	FUSION																																																																																																																																																																																																																																																																																																																																																												
MIR-203/203A	FUSION																																																																																																																																																																																																																																																																																																																																																												
MIR-34/34A	FUSION																																																																																																																																																																																																																																																																																																																																																												
SNAI2	FUSION																																																																																																																																																																																																																																																																																																																																																												
TP73	FUSION																																																																																																																																																																																																																																																																																																																																																												
AKT1	FUSION																																																																																																																																																																																																																																																																																																																																																												
TP63	FUSION																																																																																																																																																																																																																																																																																																																																																												
ZEB2	FUSION																																																																																																																																																																																																																																																																																																																																																												
TGFBR1	FUSION															Fusion																																																																																																																																																																																																																																																																																																																																													
ZEB1	FUSION																																																																																																																																																																																																																																																																																																																																																												
CDKN1A	FUSION																																																																																																																																																																																																																																																																																																																																																												
