track_name	track_type	TCGA-46-3765	TCGA-21-1079	TCGA-60-2723	TCGA-63-7021	TCGA-18-3416	TCGA-O2-A52N	TCGA-66-2754	TCGA-85-8350	TCGA-37-4141	TCGA-37-4132	TCGA-85-A4JB	TCGA-85-6560	TCGA-43-6647	TCGA-77-7465	TCGA-43-2578	TCGA-33-4533	TCGA-56-8083	TCGA-60-2703	TCGA-46-6025	TCGA-77-8130	TCGA-85-7699	TCGA-46-3769	TCGA-37-4135	TCGA-77-8140	TCGA-43-3920	TCGA-43-7657	TCGA-85-A53L	TCGA-60-2708	TCGA-85-8582	TCGA-77-7335	TCGA-21-5784	TCGA-77-8008	TCGA-21-5783	TCGA-85-7950	TCGA-34-5928	TCGA-60-2724	TCGA-68-7757	TCGA-85-8287	TCGA-63-A5MW	TCGA-77-8136	TCGA-L3-A524	TCGA-22-5478	TCGA-68-8251	TCGA-63-6202	TCGA-43-A474	TCGA-46-3767	TCGA-18-3412	TCGA-85-A511	TCGA-37-5819	TCGA-37-3792	TCGA-66-2756	TCGA-43-6771	TCGA-21-5787	TCGA-77-A5G1	TCGA-66-2786	TCGA-98-A53C	TCGA-77-A5FZ	TCGA-60-2697	TCGA-77-8131	TCGA-56-A4BW	TCGA-77-7337	TCGA-90-A4ED	TCGA-85-8070	TCGA-63-A5ML	TCGA-66-2773	TCGA-85-A5B5	TCGA-22-A5C4	TCGA-43-6143	TCGA-63-5131	TCGA-NC-A5HG	TCGA-60-2726	TCGA-58-8387	TCGA-34-5231	TCGA-77-A5GH	TCGA-37-4130	TCGA-66-2768	TCGA-37-A5EL	TCGA-85-8352	TCGA-LA-A7SW	TCGA-37-3789	TCGA-22-4613	TCGA-34-5236	TCGA-39-5011	TCGA-63-A5MP	TCGA-63-A5MJ	TCGA-22-5471	TCGA-77-8009	TCGA-33-4566	TCGA-NK-A7XE	TCGA-66-2766	TCGA-85-A4QR	TCGA-63-A5MT	TCGA-66-2759	TCGA-6A-AB49	TCGA-90-7769	TCGA-85-A4QQ	TCGA-37-3783	TCGA-56-8307	TCGA-22-5472	TCGA-60-2725	TCGA-98-8023	TCGA-18-3414	TCGA-60-2695	TCGA-56-7223	TCGA-22-5483	TCGA-33-4587	TCGA-O2-A5IB	TCGA-22-1012	TCGA-34-5927	TCGA-37-4129	TCGA-22-5489	TCGA-39-5034	TCGA-85-8664	TCGA-22-5481	TCGA-NC-A5HM	TCGA-70-6722	TCGA-52-7809	TCGA-66-2794	TCGA-85-6561	TCGA-18-3421	TCGA-22-4604	TCGA-60-2714	TCGA-77-7140	TCGA-18-3411	TCGA-18-3417	TCGA-43-2581	TCGA-63-A5MN	TCGA-33-AASD	TCGA-34-5240	TCGA-34-A5IX	TCGA-77-7139	TCGA-77-8144	TCGA-98-A53B	TCGA-68-8250	TCGA-51-4079	TCGA-63-A5MR	TCGA-94-A4VJ	TCGA-22-1016	TCGA-33-4583	TCGA-66-2793	TCGA-66-2795	TCGA-22-5491	TCGA-77-8139	TCGA-66-2744	TCGA-98-8022	TCGA-77-8145	TCGA-39-5037	TCGA-43-5670	TCGA-77-A5G6	TCGA-66-2727	TCGA-18-5592	TCGA-56-8503	TCGA-22-5492	TCGA-92-8064	TCGA-21-5782	TCGA-96-8169	TCGA-56-8622	TCGA-58-A46L	TCGA-22-5485	TCGA-77-8128	TCGA-85-8277	TCGA-66-2789	TCGA-NC-A5HR	TCGA-85-7696	TCGA-56-8082	TCGA-43-7658	TCGA-98-A53A	TCGA-58-8388	TCGA-58-8391	TCGA-60-2716	TCGA-96-A4JL	TCGA-39-5030	TCGA-85-6175	TCGA-90-7766	TCGA-18-4083	TCGA-22-4594	TCGA-J1-A4AH	TCGA-66-2758	TCGA-60-2698	TCGA-85-8353	TCGA-63-5128	TCGA-18-3407	TCGA-66-2787	TCGA-39-5021	TCGA-85-A50M	TCGA-21-1075	TCGA-33-4586	TCGA-18-3408	TCGA-58-A46N	TCGA-77-7463	TCGA-60-2713	TCGA-46-6026	TCGA-56-7730	TCGA-NK-A5CR	TCGA-60-2710	TCGA-96-7545	TCGA-94-8490	TCGA-68-7755	TCGA-85-8479	TCGA-96-8170	TCGA-56-8629	TCGA-77-8138	TCGA-94-7033	TCGA-O2-A52Q	TCGA-66-2781	TCGA-70-6723	TCGA-85-8071	TCGA-98-8020	TCGA-85-8072	TCGA-NC-A5HK	TCGA-NC-A5HE	TCGA-56-8626	TCGA-52-7812	TCGA-66-2767	TCGA-34-2600	TCGA-85-A4JC	TCGA-92-8063	TCGA-60-2707	TCGA-58-A46M	TCGA-33-A5GW	TCGA-98-A53J	TCGA-66-2791	TCGA-43-A475	TCGA-56-7579	TCGA-66-2770	TCGA-34-8455	TCGA-98-A539	TCGA-39-5016	TCGA-66-2780	TCGA-56-8201	TCGA-33-4547	TCGA-NC-A5HI	TCGA-56-A5DS	TCGA-39-5040	TCGA-39-5031	TCGA-34-2596	TCGA-66-2757	TCGA-60-2722	TCGA-43-8115	TCGA-22-5477	TCGA-22-4607	TCGA-33-6738	TCGA-52-7810	TCGA-56-8304	TCGA-85-A50Z	TCGA-33-AASL	TCGA-63-A5MB	TCGA-33-4589	TCGA-39-5036	TCGA-39-5035	TCGA-66-2765	TCGA-22-5480	TCGA-90-7767	TCGA-77-8007	TCGA-56-6546	TCGA-22-4593	TCGA-85-7697	TCGA-33-AASJ	TCGA-85-8481	TCGA-39-5029	TCGA-39-5024	TCGA-77-6845	TCGA-LA-A446	TCGA-85-8355	TCGA-63-A5MV	TCGA-22-0940	TCGA-34-5241	TCGA-39-5039	TCGA-94-A5I6	TCGA-85-8048	TCGA-43-3394	TCGA-NC-A5HL	TCGA-63-A5MS	TCGA-66-2782	TCGA-85-A512	TCGA-66-2785	TCGA-56-7582	TCGA-56-A62T	TCGA-77-A5GB	TCGA-56-7222	TCGA-NC-A5HT	TCGA-56-A4ZK	TCGA-85-7843	TCGA-43-A56V	TCGA-77-8153	TCGA-77-8143	TCGA-22-5473	TCGA-60-2704	TCGA-22-5479	TCGA-39-5019	TCGA-60-2721	TCGA-66-2742	TCGA-79-5596	TCGA-85-8354	TCGA-94-A5I4	TCGA-56-7823	TCGA-92-8065	TCGA-22-4605	TCGA-22-5482	TCGA-56-7221	TCGA-56-8624	TCGA-63-A5MI	TCGA-66-2792	TCGA-77-6844	TCGA-MF-A522	TCGA-92-7340	TCGA-98-8021	TCGA-56-8628	TCGA-85-8288	TCGA-22-1002	TCGA-22-4609	TCGA-34-5239	TCGA-39-5022	TCGA-56-5897	TCGA-56-7580	TCGA-60-2711	TCGA-66-2778	TCGA-66-2788	TCGA-NC-A5HJ	TCGA-85-8666	TCGA-94-7557	TCGA-77-A5G7	TCGA-18-4721	TCGA-21-1082	TCGA-37-4133	TCGA-94-7943	TCGA-34-5929	TCGA-18-3410	TCGA-66-2755	TCGA-NC-A5HD	TCGA-63-A5MH	TCGA-NK-A5CT	TCGA-56-A4BY	TCGA-56-1622	TCGA-77-A5G3	TCGA-77-A5GF	TCGA-96-7544	TCGA-22-1011	TCGA-77-8154	TCGA-66-2763	TCGA-22-4595	TCGA-43-5668	TCGA-43-2576	TCGA-77-6843	TCGA-77-A5G8	TCGA-XC-AA0X	TCGA-85-A4CL	TCGA-85-A510	TCGA-66-2800	TCGA-34-7107	TCGA-21-5786	TCGA-85-7710	TCGA-33-AASI	TCGA-63-7020	TCGA-21-1080	TCGA-66-2777	TCGA-56-8308	TCGA-60-2719	TCGA-63-A5M9	TCGA-33-4538	TCGA-22-0944	TCGA-98-A538	TCGA-NC-A5HN	TCGA-56-8504	TCGA-21-1076	TCGA-NC-A5HF	TCGA-58-8386	TCGA-77-6842	TCGA-56-8309	TCGA-94-8035	TCGA-94-8491	TCGA-63-A5MU	TCGA-L3-A4E7	TCGA-85-6798	TCGA-98-A53I	TCGA-18-3406	TCGA-33-A4WN	TCGA-77-7142	TCGA-77-7338	TCGA-34-8454	TCGA-46-3768	TCGA-18-3415	TCGA-22-5474	TCGA-33-AAS8	TCGA-33-4532	TCGA-33-4582	TCGA-34-5232	TCGA-43-6770	TCGA-63-A5MY	TCGA-77-8133	TCGA-77-8156	TCGA-NC-A5HQ	TCGA-O2-A52V	TCGA-85-A4CN	TCGA-85-8052	TCGA-66-2734	TCGA-43-8118	TCGA-60-2709	TCGA-77-7141	TCGA-NK-A5CX	TCGA-56-7822	TCGA-85-7698	TCGA-68-A59J	TCGA-22-4599	TCGA-39-5028	TCGA-43-8116	TCGA-51-4080	TCGA-51-4081	TCGA-52-7622	TCGA-58-A46K	TCGA-58-8393	TCGA-77-8148	TCGA-77-8150	TCGA-NC-A5HO	TCGA-O2-A52W	TCGA-85-8049	TCGA-85-8580	TCGA-63-7022	TCGA-58-A46J	TCGA-56-8625	TCGA-56-A49D	TCGA-43-7656	TCGA-33-AASB	TCGA-22-1000	TCGA-22-4601	TCGA-34-2608	TCGA-37-A5EN	TCGA-43-6773	TCGA-56-5898	TCGA-56-6545	TCGA-60-2720	TCGA-NC-A5HP	TCGA-85-7844	TCGA-85-8351	TCGA-90-A4EE	TCGA-63-A5MM	TCGA-92-7341	TCGA-34-8456	TCGA-85-A4PA	TCGA-85-8584	TCGA-60-2706	TCGA-21-1081	TCGA-22-1005	TCGA-21-1071	TCGA-90-7964	TCGA-22-4591	TCGA-52-7811	TCGA-66-2771	TCGA-85-A513	TCGA-63-7023	TCGA-66-2769	TCGA-66-2783	TCGA-56-8305	TCGA-68-7756	TCGA-O2-A52S	TCGA-98-7454	TCGA-85-8276	TCGA-22-4596	TCGA-34-5234	TCGA-43-A56U	TCGA-56-A4ZJ	TCGA-56-7731	TCGA-63-A5MG	TCGA-NC-A5HH	TCGA-90-A59Q	TCGA-98-A53H
TWIST1	CNA	Amplification	Amplification	Amplification	Amplification	Amplification	Amplification																																																																																																																																																																																																																																																																																																																																																																																																																																																																												
SNAI1	CNA																																									Amplification	Amplification	Deep Deletion																																																																																																																																																																																																																																																																																																																																																																																																																																							
MIR-200A/200A	CNA											Amplification																																						Amplification										Amplification	Amplification	Amplification	Deep Deletion	Deep Deletion	Deep Deletion																																																																																																																																																																																																																																																																																																																																																																																																																		
DKK1	CNA																																																																	Amplification	Deep Deletion																																																																																																																																																																																																																																																																																																																																																																																																																
CDH2	CNA													Deep Deletion																																																																			Amplification	Amplification	Amplification	Amplification	Amplification	Amplification	Amplification	Amplification	Deep Deletion	Deep Deletion	Deep Deletion	Deep Deletion																																																																																																																																																																																																																																																																																																																																																																																							
CTNNB1	CNA																																																																																																							Deep Deletion													Deep Deletion	Deep Deletion																																																																																																																																																																																																																																																																																																																																																													
NOTCH1	CNA																																																																																												Amplification																																				Amplification	Deep Deletion	Deep Deletion																																																																																																																																																																																																																																																																																																																																																
SMAD2	CNA																						Amplification																				Amplification																													Deep Deletion										Amplification	Amplification						Deep Deletion																																																												Deep Deletion																										Amplification	Amplification	Amplification	Amplification	Deep Deletion	Deep Deletion	Deep Deletion																																																																																																																																																																																																																																																																																														
SMAD3	CNA																																																																																																																																																																																							Deep Deletion																															Amplification																																																																																																																																																																																																																																																												
SMAD4	CNA																																																																							Deep Deletion						Deep Deletion											Deep Deletion																																																												Deep Deletion																											Amplification			Deep Deletion	Deep Deletion	Deep Deletion																																																Deep Deletion																																																																																																																																																																																																																																														
VIM	CNA																																																	Deep Deletion																																																																																																									Amplification																											Deep Deletion								Deep Deletion																																																																																																																																																																																																																																																																																					
TP53	CNA																																																																																																																																	Deep Deletion																											Amplification																																																																																																				Deep Deletion																																																																																																																																																																																																																		
CDH1	CNA																																																																																																																																									Amplification																																																																																																																								Amplification																																																																																																																																																																																																																	
MAPK3	CNA																				Amplification																																																																																									Amplification													Amplification																																Amplification																																																																																																																																																																																									Amplification																																																																																																																															
AKT2	CNA																										Amplification			Amplification																				Amplification																														Amplification											Amplification			Amplification																				Amplification																																															Amplification																			Amplification	Amplification																									Amplification									Amplification																																																Amplification	Amplification	Amplification	Amplification	Amplification	Amplification																																																																													Amplification	Amplification	Amplification	Amplification	Amplification	Amplification																																																																																								Amplification			Amplification				Amplification																						
MIR-203/203A	CNA											Amplification																																																																																																																						Deep Deletion																				Amplification																																																										Amplification															Deep Deletion																																								Amplification																																																													Amplification																Amplification	Amplification																						Amplification	Amplification	Amplification																																																																													Amplification							Amplification	Deep Deletion																	
MIR-34/34A	CNA																						Amplification																																					Amplification			Deep Deletion	Deep Deletion																																																																																																																																																																																				Deep Deletion																																																																																																																																																																																																																															
SNAI2	CNA											Amplification									Amplification															Amplification																																																								Amplification					Amplification																																										Amplification																																																																																																																																																																																																				Amplification						Amplification																				Amplification																																																																																																										
TP73	CNA											Amplification																																						Amplification										Amplification	Amplification	Amplification	Deep Deletion	Deep Deletion	Deep Deletion																																																																																																																																																																																																																																																																																																																																																																																																																		
AKT1	CNA											Amplification																																																																																																																						Deep Deletion																																																																													Amplification	Amplification															Deep Deletion																																								Amplification																																																													Amplification																Amplification	Amplification																						Amplification	Amplification	Amplification																																																																													Amplification						Amplification	Amplification	Deep Deletion																	
TP63	CNA	Amplification		Amplification	Amplification	Amplification			Amplification						Amplification																Amplification											Amplification								Amplification																			Amplification	Amplification		Amplification						Amplification		Amplification	Amplification	Amplification	Amplification		Amplification	Amplification	Amplification	Amplification			Amplification	Amplification				Amplification			Amplification						Amplification		Amplification											Amplification	Amplification		Amplification	Amplification			Amplification							Amplification				Amplification		Amplification				Amplification	Amplification							Amplification	Amplification		Amplification		Amplification	Amplification			Amplification			Amplification					Amplification	Amplification		Amplification					Amplification	Amplification			Amplification	Amplification	Amplification		Amplification	Amplification	Amplification					Amplification		Amplification				Amplification	Amplification					Amplification				Amplification	Amplification			Amplification		Amplification				Amplification			Amplification			Amplification	Amplification	Amplification	Amplification	Amplification			Amplification				Amplification			Amplification			Amplification	Amplification						Amplification	Amplification	Amplification		Amplification	Amplification							Amplification						Amplification	Amplification	Amplification				Amplification	Amplification							Amplification					Amplification	Amplification				Amplification	Amplification	Amplification	Amplification	Amplification	Amplification	Amplification	Amplification	Amplification	Amplification	Amplification																									Amplification		Amplification	Amplification		Amplification												Amplification		Amplification			Amplification	Amplification	Amplification			Amplification	Amplification					Amplification	Amplification					Amplification	Amplification								Amplification	Amplification				Amplification	Amplification	Amplification	Amplification	Amplification	Amplification	Amplification	Amplification	Amplification	Amplification	Amplification	Amplification	Amplification	Amplification	Amplification	Amplification	Amplification	Amplification	Amplification	Amplification	Amplification	Amplification	Amplification	Amplification	Amplification	Amplification																																													Amplification							Amplification														
ZEB2	CNA																																																																																																																																																						Deep Deletion																			Amplification																																																																																																																																																																																															Amplification																																																																																																										
TGFBR1	CNA																																																																																																									Amplification																																									Deep Deletion																																																																																																																																																																																																																																																																																																																																
ZEB1	CNA						Amplification						Amplification																																																																																																																																																																																																																																									Amplification																																																																																																																																																																																																																													
CDKN1A	CNA																																																																																																																																																																																																														Amplification																																										Deep Deletion																													Amplification																																																																																																																																																		Amplification																																											
TWIST1	MUTATIONS	Missense Mutation (putative passenger)						Missense Mutation (putative passenger)	Missense Mutation (putative passenger)																																																																																																																																																																																																																																																																																																																																																																																																																																																																										
SNAI1	MUTATIONS									Missense Mutation (putative passenger)																																			Truncating mutation (putative passenger)	Missense Mutation (putative passenger)	Missense Mutation (putative passenger)	Missense Mutation (putative passenger)	Missense Mutation (putative passenger)																																																																																																																																																																																																																																																																																																																																																																																																																																		
MIR-200A/200A	MUTATIONS																																																																																																																																																																																																																																																																																																																																																																																																																																																																																		
DKK1	MUTATIONS																																																																			Truncating mutation (putative passenger)	Missense Mutation (putative passenger)	Missense Mutation (putative passenger)	Missense Mutation (putative passenger)	Missense Mutation (putative passenger)	Missense Mutation (putative passenger)	Missense Mutation (putative passenger)	Missense Mutation (putative passenger)																																																																																																																																																																																																																																																																																																																																																																																																								
CDH2	MUTATIONS			Missense Mutation (putative passenger)											Missense Mutation (putative passenger)																																																Missense Mutation (putative passenger)						Missense Mutation (putative passenger)	Missense Mutation (putative passenger)	Missense Mutation (putative passenger)																		Missense Mutation (putative passenger)				Missense Mutation (putative passenger)	Missense Mutation (putative passenger)	Missense Mutation (putative passenger)	Missense Mutation (putative passenger)	Missense Mutation (putative passenger)	Missense Mutation (putative passenger)	Missense Mutation (putative passenger)	Missense Mutation (putative passenger)	Missense Mutation (putative passenger)	Missense Mutation (putative passenger)	Missense Mutation (putative passenger)																																																																																																																																																																																																																																																																																																																																																																												
CTNNB1	MUTATIONS																																																		Missense Mutation (putative passenger)																																																																				Missense Mutation (putative passenger)	Missense Mutation (putative passenger)	Missense Mutation (putative passenger)																																																																																																																																																																																																																																																																																																																																																										
NOTCH1	MUTATIONS																																																																																Truncating mutation (putative driver)												Truncating mutation (putative driver)	Truncating mutation (putative driver)	Truncating mutation (putative driver)												Truncating mutation (putative driver)																						Missense Mutation (putative passenger)			Truncating mutation (putative driver)	Truncating mutation (putative driver)	Truncating mutation (putative driver)	Truncating mutation (putative driver)	Truncating mutation (putative driver)	Truncating mutation (putative driver)	Truncating mutation (putative driver)	Truncating mutation (putative driver)	Truncating mutation (putative driver)	Truncating mutation (putative driver)	Truncating mutation (putative driver)	Truncating mutation (putative driver)	Truncating mutation (putative driver)	Truncating mutation (putative driver)	Truncating mutation (putative driver)	Truncating mutation (putative driver)	Missense Mutation (putative driver)	Missense Mutation (putative passenger)	Missense Mutation (putative passenger)	Missense Mutation (putative passenger)	Missense Mutation (putative passenger)	Missense Mutation (putative passenger)	Missense Mutation (putative passenger)	Missense Mutation (putative passenger)	Missense Mutation (putative passenger)	Missense Mutation (putative passenger)	Missense Mutation (putative passenger)	Missense Mutation (putative passenger)	Missense Mutation (putative passenger)	Missense Mutation (putative passenger)	Missense Mutation (putative passenger)	Missense Mutation (putative passenger)																																																																																																																																																																																																																																																																																																																
SMAD2	MUTATIONS																																																																																																																						Missense Mutation (putative passenger)																															Missense Mutation (putative passenger)																																Missense Mutation (putative passenger)	Missense Mutation (putative passenger)																																																																																																																																																																																																																																																																																												
SMAD3	MUTATIONS																																																																																																																																																																																																																							Missense Mutation (putative driver)																																																																																																																																																																																																																																																											
SMAD4	MUTATIONS													Missense Mutation (putative passenger)																																																																																																																																											Truncating mutation (putative driver)	Missense Mutation (putative driver)												Missense Mutation (putative passenger)																																																																Truncating mutation (putative driver)	Truncating mutation (putative driver)	Truncating mutation (putative driver)	Missense Mutation (putative passenger)	Missense Mutation (putative passenger)																																																																																																																																																																																																																																									
VIM	MUTATIONS																																																																																	Missense Mutation (putative passenger)																Missense Mutation (putative passenger)									Missense Mutation (putative passenger)																																																	Missense Mutation (putative passenger)																													Missense Mutation (putative passenger)																																																																	Missense Mutation (putative passenger)	Missense Mutation (putative passenger)																																																																																																																																																																																																																								
TP53	MUTATIONS	Missense Mutation (putative driver)	Missense Mutation (putative driver)	Truncating mutation (putative driver)	Missense Mutation (putative driver)	Truncating mutation (putative driver)	Missense Mutation (putative driver)	Missense Mutation (putative driver)	Truncating mutation (putative driver)	Missense Mutation (putative driver)	Missense Mutation (putative driver)	Truncating mutation (putative driver)	Missense Mutation (putative driver)	Missense Mutation (putative driver)	Missense Mutation (putative driver)		Truncating mutation (putative driver)	Truncating mutation (putative driver)	Missense Mutation (putative driver)	Missense Mutation (putative driver)	Truncating mutation (putative driver)	Truncating mutation (putative driver)	Truncating mutation (putative driver)	Truncating mutation (putative driver)	Missense Mutation (putative driver)	Missense Mutation (putative driver)		Truncating mutation (putative driver)	Truncating mutation (putative driver)	Missense Mutation (putative driver)	Missense Mutation (putative driver)	Truncating mutation (putative driver)	Truncating mutation (putative driver)	Inframe Mutation (putative driver)	Missense Mutation (putative driver)	Missense Mutation (putative driver)	Missense Mutation (putative driver)	Missense Mutation (putative driver)	Missense Mutation (putative driver)	Missense Mutation (putative driver)		Missense Mutation (putative driver)	Missense Mutation (putative driver)		Missense Mutation (putative driver)	Truncating mutation (putative driver)	Missense Mutation (putative driver)	Missense Mutation (putative driver)	Missense Mutation (putative driver)	Missense Mutation (putative driver)	Missense Mutation (putative driver)	Missense Mutation (putative driver)		Missense Mutation (putative driver)	Missense Mutation (putative driver)	Missense Mutation (putative driver)				Missense Mutation (putative driver)	Truncating mutation (putative driver)	Missense Mutation (putative driver)		Truncating mutation (putative driver)	Truncating mutation (putative driver)	Truncating mutation (putative driver)	Missense Mutation (putative driver)	Truncating mutation (putative driver)	Missense Mutation (putative driver)	Missense Mutation (putative driver)	Missense Mutation (putative driver)		Truncating mutation (putative driver)	Truncating mutation (putative driver)	Missense Mutation (putative driver)	Missense Mutation (putative driver)	Missense Mutation (putative driver)	Missense Mutation (putative driver)	Truncating mutation (putative driver)		Truncating mutation (putative driver)	Missense Mutation (putative driver)	Missense Mutation (putative driver)	Missense Mutation (putative driver)	Truncating mutation (putative driver)	Missense Mutation (putative driver)	Missense Mutation (putative driver)		Missense Mutation (putative driver)	Truncating mutation (putative driver)	Missense Mutation (putative driver)	Missense Mutation (putative driver)	Truncating mutation (putative driver)	Missense Mutation (putative driver)		Missense Mutation (putative driver)	Missense Mutation (putative driver)	Missense Mutation (putative driver)	Truncating mutation (putative driver)	Truncating mutation (putative driver)	Truncating mutation (putative driver)	Missense Mutation (putative driver)	Missense Mutation (putative driver)	Truncating mutation (putative driver)	Missense Mutation (putative driver)	Truncating mutation (putative driver)	Missense Mutation (putative driver)		Missense Mutation (putative driver)	Truncating mutation (putative driver)		Truncating mutation (putative driver)	Truncating mutation (putative driver)	Missense Mutation (putative driver)	Missense Mutation (putative driver)	Missense Mutation (putative driver)	Truncating mutation (putative driver)	Missense Mutation (putative driver)	Missense Mutation (putative driver)	Missense Mutation (putative driver)	Missense Mutation (putative driver)	Truncating mutation (putative driver)	Missense Mutation (putative driver)	Missense Mutation (putative driver)	Truncating mutation (putative driver)	Truncating mutation (putative driver)	Missense Mutation (putative driver)		Truncating mutation (putative driver)	Missense Mutation (putative driver)	Missense Mutation (putative driver)	Truncating mutation (putative driver)	Truncating mutation (putative driver)	Truncating mutation (putative driver)	Truncating mutation (putative driver)	Truncating mutation (putative driver)	Truncating mutation (putative driver)	Missense Mutation (putative driver)	Missense Mutation (putative driver)	Missense Mutation (putative driver)	Missense Mutation (putative driver)	Missense Mutation (putative driver)	Missense Mutation (putative driver)	Missense Mutation (putative driver)	Missense Mutation (putative driver)			Missense Mutation (putative driver)	Missense Mutation (putative driver)	Missense Mutation (putative driver)	Missense Mutation (putative driver)	Missense Mutation (putative driver)	Missense Mutation (putative driver)	Truncating mutation (putative driver)	Missense Mutation (putative driver)	Missense Mutation (putative driver)	Truncating mutation (putative driver)	Truncating mutation (putative driver)	Truncating mutation (putative driver)	Inframe Mutation (putative driver)	Missense Mutation (putative driver)	Missense Mutation (putative driver)		Truncating mutation (putative driver)	Missense Mutation (putative driver)	Inframe Mutation (putative driver)	Missense Mutation (putative driver)	Truncating mutation (putative driver)	Truncating mutation (putative driver)	Missense Mutation (putative driver)					Missense Mutation (putative driver)	Missense Mutation (putative driver)	Truncating mutation (putative driver)	Missense Mutation (putative driver)	Missense Mutation (putative driver)	Truncating mutation (putative driver)	Truncating mutation (putative driver)	Truncating mutation (putative driver)	Truncating mutation (putative driver)	Truncating mutation (putative driver)	Missense Mutation (putative driver)	Truncating mutation (putative driver)	Truncating mutation (putative driver)	Missense Mutation (putative driver)	Missense Mutation (putative driver)	Truncating mutation (putative driver)	Truncating mutation (putative driver)	Truncating mutation (putative driver)	Inframe Mutation (putative driver)	Missense Mutation (putative driver)	Missense Mutation (putative driver)	Missense Mutation (putative driver)	Missense Mutation (putative driver)			Truncating mutation (putative driver)	Truncating mutation (putative driver)	Truncating mutation (putative driver)	Missense Mutation (putative driver)	Missense Mutation (putative driver)		Truncating mutation (putative driver)	Truncating mutation (putative driver)	Truncating mutation (putative driver)	Missense Mutation (putative driver)	Missense Mutation (putative driver)	Missense Mutation (putative driver)					Missense Mutation (putative driver)	Missense Mutation (putative driver)	Missense Mutation (putative driver)	Truncating mutation (putative driver)	Truncating mutation (putative driver)	Truncating mutation (putative driver)	Missense Mutation (putative driver)	Missense Mutation (putative driver)	Missense Mutation (putative driver)	Missense Mutation (putative driver)	Missense Mutation (putative driver)	Missense Mutation (putative driver)		Missense Mutation (putative driver)		Missense Mutation (putative driver)	Missense Mutation (putative driver)	Missense Mutation (putative driver)	Missense Mutation (putative driver)	Truncating mutation (putative driver)	Truncating mutation (putative driver)	Truncating mutation (putative driver)	Missense Mutation (putative driver)	Missense Mutation (putative driver)	Missense Mutation (putative driver)	Missense Mutation (putative driver)	Missense Mutation (putative driver)	Truncating mutation (putative driver)	Truncating mutation (putative driver)	Missense Mutation (putative driver)	Missense Mutation (putative driver)	Missense Mutation (putative driver)	Missense Mutation (putative driver)		Truncating mutation (putative driver)	Missense Mutation (putative driver)	Truncating mutation (putative driver)	Missense Mutation (putative driver)	Missense Mutation (putative driver)	Missense Mutation (putative driver)	Missense Mutation (putative driver)	Truncating mutation (putative driver)	Truncating mutation (putative driver)	Truncating mutation (putative driver)	Truncating mutation (putative driver)	Truncating mutation (putative driver)	Truncating mutation (putative driver)	Truncating mutation (putative driver)	Truncating mutation (putative driver)	Truncating mutation (putative driver)	Truncating mutation (putative driver)	Truncating mutation (putative driver)	Truncating mutation (putative driver)	Truncating mutation (putative driver)	Truncating mutation (putative driver)	Truncating mutation (putative driver)	Truncating mutation (putative driver)	Truncating mutation (putative driver)	Truncating mutation (putative driver)	Truncating mutation (putative driver)	Truncating mutation (putative driver)	Truncating mutation (putative driver)	Truncating mutation (putative driver)	Truncating mutation (putative driver)	Truncating mutation (putative driver)	Truncating mutation (putative driver)	Truncating mutation (putative driver)	Truncating mutation (putative driver)	Truncating mutation (putative driver)	Truncating mutation (putative driver)	Truncating mutation (putative driver)	Truncating mutation (putative driver)	Truncating mutation (putative driver)	Truncating mutation (putative driver)	Truncating mutation (putative driver)	Truncating mutation (putative driver)	Truncating mutation (putative driver)	Truncating mutation (putative driver)	Truncating mutation (putative driver)	Truncating mutation (putative driver)	Truncating mutation (putative driver)	Truncating mutation (putative driver)	Truncating mutation (putative driver)	Truncating mutation (putative driver)	Truncating mutation (putative driver)	Truncating mutation (putative driver)	Truncating mutation (putative driver)	Truncating mutation (putative driver)	Truncating mutation (putative driver)	Truncating mutation (putative driver)	Truncating mutation (putative driver)	Truncating mutation (putative driver)	Truncating mutation (putative driver)	Truncating mutation (putative driver)	Truncating mutation (putative driver)	Truncating mutation (putative driver)	Truncating mutation (putative driver)	Truncating mutation (putative driver)	Truncating mutation (putative driver)	Truncating mutation (putative driver)	Truncating mutation (putative driver)	Truncating mutation (putative driver)	Truncating mutation (putative driver)	Truncating mutation (putative driver)	Truncating mutation (putative driver)	Truncating mutation (putative driver)	Truncating mutation (putative driver)	Inframe Mutation (putative driver)	Inframe Mutation (putative driver)	Inframe Mutation (putative driver)	Inframe Mutation (putative driver)	Missense Mutation (putative driver)	Missense Mutation (putative driver)	Missense Mutation (putative driver)	Missense Mutation (putative driver)	Missense Mutation (putative driver)	Missense Mutation (putative driver)	Missense Mutation (putative driver)	Missense Mutation (putative driver)	Missense Mutation (putative driver)	Missense Mutation (putative driver)	Missense Mutation (putative driver)	Missense Mutation (putative driver)	Missense Mutation (putative driver)	Missense Mutation (putative driver)	Missense Mutation (putative driver)	Missense Mutation (putative driver)	Missense Mutation (putative driver)	Missense Mutation (putative driver)	Missense Mutation (putative driver)	Missense Mutation (putative driver)	Missense Mutation (putative driver)	Missense Mutation (putative driver)	Missense Mutation (putative driver)	Missense Mutation (putative driver)	Missense Mutation (putative driver)	Missense Mutation (putative driver)	Missense Mutation (putative driver)	Missense Mutation (putative driver)	Missense Mutation (putative driver)	Missense Mutation (putative driver)	Missense Mutation (putative driver)	Missense Mutation (putative driver)	Missense Mutation (putative driver)	Missense Mutation (putative driver)	Missense Mutation (putative driver)	Missense Mutation (putative driver)	Missense Mutation (putative driver)	Missense Mutation (putative driver)	Missense Mutation (putative driver)	Missense Mutation (putative driver)	Missense Mutation (putative driver)	Missense Mutation (putative driver)	Missense Mutation (putative driver)	Missense Mutation (putative driver)	Missense Mutation (putative driver)	Missense Mutation (putative driver)	Missense Mutation (putative driver)	Missense Mutation (putative driver)	Missense Mutation (putative driver)	Missense Mutation (putative driver)	Missense Mutation (putative driver)	Missense Mutation (putative driver)	Missense Mutation (putative driver)	Missense Mutation (putative driver)	Missense Mutation (putative driver)	Missense Mutation (putative driver)	Missense Mutation (putative driver)	Missense Mutation (putative driver)	Missense Mutation (putative driver)	Missense Mutation (putative driver)	Missense Mutation (putative driver)	Missense Mutation (putative driver)	Missense Mutation (putative driver)	Missense Mutation (putative driver)	Missense Mutation (putative driver)	Missense Mutation (putative driver)	Missense Mutation (putative driver)	Missense Mutation (putative driver)	Missense Mutation (putative driver)	Missense Mutation (putative driver)	Missense Mutation (putative driver)	Missense Mutation (putative driver)	Missense Mutation (putative driver)	Missense Mutation (putative driver)	Missense Mutation (putative driver)	Missense Mutation (putative driver)	Missense Mutation (putative driver)	Missense Mutation (putative driver)	Missense Mutation (putative driver)	Missense Mutation (putative driver)	Missense Mutation (putative driver)	Missense Mutation (putative driver)	Missense Mutation (putative driver)	Missense Mutation (putative driver)	Missense Mutation (putative driver)	Missense Mutation (putative driver)	Missense Mutation (putative driver)	Missense Mutation (putative driver)	Missense Mutation (putative driver)	Missense Mutation (putative driver)	Missense Mutation (putative driver)	Missense Mutation (putative driver)	Missense Mutation (putative driver)	Missense Mutation (putative driver)	Missense Mutation (putative driver)	Missense Mutation (putative driver)	Missense Mutation (putative driver)	Missense Mutation (putative driver)	Missense Mutation (putative driver)	Missense Mutation (putative driver)	Missense Mutation (putative driver)	Missense Mutation (putative driver)	Missense Mutation (putative driver)	Missense Mutation (putative driver)	Missense Mutation (putative driver)	Missense Mutation (putative driver)	Missense Mutation (putative driver)	Missense Mutation (putative driver)	Missense Mutation (putative driver)	Missense Mutation (putative driver)																															
CDH1	MUTATIONS																																																					Missense Mutation (putative passenger)	Missense Mutation (putative passenger)																																	Missense Mutation (putative passenger)						Missense Mutation (putative passenger)																																													Missense Mutation (putative passenger)																																																																																																																																																																																												Missense Mutation (putative passenger)				Missense Mutation (putative passenger)	Missense Mutation (putative passenger)																																																																																																									Missense Mutation (putative passenger)																														
MAPK3	MUTATIONS																																																																																																																									Missense Mutation (putative passenger)																																																																												Missense Mutation (putative passenger)																																																																																																																																																																																																																																																																													
AKT2	MUTATIONS																																																																																																		Missense Mutation (putative passenger)																																							Missense Mutation (putative passenger)																																																																																																																																			Truncating mutation (putative passenger)																																																																Missense Mutation (putative driver)																		Missense Mutation (putative driver)																																																																																																																				
MIR-203/203A	MUTATIONS																																																																																																																																																																																																																																																																																																																																																																																																																																																																																		
MIR-34/34A	MUTATIONS																																																																																																																																																																																																																																																																																																																																																																																																																																																																																		
SNAI2	MUTATIONS																																																					Missense Mutation (putative passenger)																														Missense Mutation (putative passenger)																																																																																																																																																																																																	Missense Mutation (putative passenger)																																																																																									Missense Mutation (putative passenger)																																																																																																					
TP73	MUTATIONS																																																																																																																																																																																																												Truncating mutation (putative passenger)																																																																																																																																																																																																																																																																						
AKT1	MUTATIONS																																														Missense Mutation (putative driver)																																																																									Missense Mutation (putative passenger)																																																							Missense Mutation (putative passenger)																																																																																																																																																																																		Missense Mutation (putative passenger)														Missense Mutation (putative driver)																																																																																																				
TP63	MUTATIONS		Missense Mutation (putative passenger)																																																																					Missense Mutation (putative passenger)																																																Missense Mutation (putative passenger)																																														Truncating mutation (putative driver)																																	Missense Mutation (putative passenger)																																					Missense Mutation (putative passenger)							Missense Mutation (putative passenger)	Missense Mutation (putative passenger)																																																																																																																																				Missense Mutation (putative passenger)				Missense Mutation (putative passenger)																						Missense Mutation (putative passenger)																																																																	
ZEB2	MUTATIONS																																						Missense Mutation (putative passenger)						Missense Mutation (putative passenger)					Missense Mutation (putative passenger)	Missense Mutation (putative passenger)		Missense Mutation (putative passenger)										Missense Mutation (putative passenger)																																	Missense Mutation (putative passenger)																Missense Mutation (putative passenger)									Missense Mutation (putative passenger)		Missense Mutation (putative passenger)											Missense Mutation (putative passenger)					Missense Mutation (putative passenger)	Missense Mutation (putative passenger)		Truncating mutation (putative passenger)								Missense Mutation (putative passenger)												Truncating mutation (putative passenger)						Missense Mutation (putative passenger)																Missense Mutation (putative passenger)																																													Missense Mutation (putative passenger)							Missense Mutation (putative passenger)																																											Missense Mutation (putative passenger)									Missense Mutation (putative passenger)									Missense Mutation (putative passenger)																																															Missense Mutation (putative passenger)		Missense Mutation (putative passenger)						Missense Mutation (putative passenger)						Missense Mutation (putative passenger)					Missense Mutation (putative passenger)	Missense Mutation (putative passenger)			Missense Mutation (putative passenger)		Missense Mutation (putative passenger)												Missense Mutation (putative passenger)																						Missense Mutation (putative passenger)																Missense Mutation (putative passenger)	Missense Mutation (putative passenger)																										Missense Mutation (putative passenger)			Missense Mutation (putative passenger)					Missense Mutation (putative passenger)													
TGFBR1	MUTATIONS													Truncating mutation (putative driver)																																																																																																																																																																																																						Missense Mutation (putative passenger)																																																																						Truncating mutation (putative driver)																																																																																																																																												Missense Mutation (putative passenger)																																													
ZEB1	MUTATIONS																		Missense Mutation (putative passenger)															Missense Mutation (putative passenger)																					Missense Mutation (putative passenger)								Missense Mutation (putative passenger)									Missense Mutation (putative passenger)							Truncating mutation (putative passenger)																																					Missense Mutation (putative passenger)																				Missense Mutation (putative passenger)					Missense Mutation (putative passenger)									Truncating mutation (putative passenger)																																		Missense Mutation (putative passenger)	Missense Mutation (putative passenger)																											Missense Mutation (putative passenger)			Missense Mutation (putative passenger)					Missense Mutation (putative passenger)																			Missense Mutation (putative passenger)							Missense Mutation (putative passenger)																	Missense Mutation (putative passenger)																																		Missense Mutation (putative passenger)												Missense Mutation (putative passenger)	Missense Mutation (putative passenger)													Truncating mutation (putative passenger)						Missense Mutation (putative passenger)																																		Missense Mutation (putative passenger)																			Missense Mutation (putative passenger)															Missense Mutation (putative passenger)					Missense Mutation (putative passenger)		Missense Mutation (putative passenger)																			Truncating mutation (putative passenger)																																			Truncating mutation (putative passenger)									
CDKN1A	MUTATIONS																																																																																																																																																																															Missense Mutation (putative passenger)																																																																																																																																																																																																																																																				Truncating mutation (putative driver)																							Missense Mutation (putative passenger)																								
TWIST1	MRNA		mRNA High							mRNA High	mRNA High	mRNA High	mRNA High	mRNA High	mRNA High	mRNA High	mRNA High	mRNA High	mRNA High	mRNA High	mRNA High	mRNA High	mRNA High	mRNA High	mRNA High	mRNA High	mRNA High	mRNA High	mRNA High	mRNA High	mRNA High	mRNA High	mRNA High	mRNA High	mRNA High	mRNA High	mRNA High	mRNA High	mRNA High	mRNA High	mRNA High																																																																																																																																																																																																																																																																																																																																																																																																																																										
SNAI1	MRNA										mRNA High																															mRNA High								mRNA High	mRNA High	mRNA High	mRNA High	mRNA High	mRNA High	mRNA High	mRNA High	mRNA High	mRNA High																																																																																																																																																																																																																																																																																																																																																																																																																								
MIR-200A/200A	MRNA																																																																																																																																																																																																																																																																																																																																																																																																																																																																																		
DKK1	MRNA										mRNA High		mRNA High																																																															mRNA High	mRNA High	mRNA High	mRNA High																																																																																																																																																																																																																																																																																																																																																																																																				
CDH2	MRNA							mRNA High								mRNA High	mRNA High	mRNA High	mRNA High																															mRNA High																										mRNA High																												mRNA High	mRNA High	mRNA High	mRNA High	mRNA High	mRNA High	mRNA High	mRNA High	mRNA High	mRNA High	mRNA High	mRNA High	mRNA High																																																																																																																																																																																																																																																																																																																																																															
CTNNB1	MRNA																			mRNA High																																mRNA High	mRNA High																																																				mRNA High	mRNA High																mRNA High	mRNA High	mRNA High	mRNA High	mRNA High	mRNA High	mRNA High																																																																																																																																																																																																																																																																																																																																																			
NOTCH1	MRNA																				mRNA High	mRNA High																																									mRNA High																																									mRNA High			mRNA High																						mRNA High																																			mRNA High	mRNA High	mRNA High	mRNA High	mRNA High	mRNA High	mRNA High	mRNA High	mRNA High	mRNA High	mRNA High																																																																																																																																																																																																																																																																																																					
SMAD2	MRNA									mRNA High						mRNA Low							mRNA High	mRNA High	mRNA Low																		mRNA High								mRNA Low			mRNA High															mRNA High			mRNA Low				mRNA Low	mRNA Low					mRNA High	mRNA High	mRNA Low						mRNA Low			mRNA Low	mRNA High	mRNA Low	mRNA Low									mRNA Low			mRNA High	mRNA High										mRNA High			mRNA High	mRNA Low									mRNA High	mRNA Low																mRNA Low		mRNA High													mRNA Low											mRNA High	mRNA High	mRNA High	mRNA High	mRNA Low			mRNA High		mRNA High	mRNA High	mRNA High	mRNA High	mRNA High	mRNA High	mRNA High	mRNA High	mRNA High	mRNA High	mRNA High	mRNA High	mRNA High	mRNA High	mRNA High	mRNA High	mRNA Low	mRNA Low	mRNA Low	mRNA Low	mRNA Low	mRNA Low	mRNA Low	mRNA Low	mRNA Low	mRNA Low	mRNA Low	mRNA Low	mRNA Low	mRNA Low	mRNA Low																																																																																																																																																																																																																																																													
SMAD3	MRNA				mRNA High																																																													mRNA High												mRNA High																																mRNA High														mRNA High																												mRNA High													mRNA High										mRNA High																									mRNA High	mRNA High														mRNA High	mRNA High	mRNA High	mRNA High	mRNA High	mRNA High	mRNA High	mRNA High	mRNA High	mRNA High	mRNA High	mRNA High	mRNA High	mRNA High																																																																																																																																																																																																																																															
SMAD4	MRNA									mRNA High	mRNA High				mRNA High					mRNA Low				mRNA High		mRNA High	mRNA High	mRNA Low																																									mRNA High			mRNA Low						mRNA Low		mRNA Low										mRNA Low				mRNA High	mRNA Low	mRNA Low	mRNA Low							mRNA High				mRNA High			mRNA High								mRNA High			mRNA High											mRNA Low																mRNA Low			mRNA High	mRNA Low														mRNA High									mRNA High								mRNA High	mRNA High	mRNA High	mRNA High	mRNA High	mRNA High													mRNA Low	mRNA Low	mRNA Low	mRNA Low												mRNA Low	mRNA Low												mRNA Low					mRNA High	mRNA High	mRNA High	mRNA High	mRNA High	mRNA High	mRNA High	mRNA High	mRNA Low	mRNA Low	mRNA Low	mRNA Low	mRNA Low	mRNA Low	mRNA Low																																																																																																																																																																																																																										
VIM	MRNA																mRNA High												mRNA High	mRNA High	mRNA High																													mRNA High																																																				mRNA High																																																																																																																																												mRNA High	mRNA High	mRNA High	mRNA High	mRNA High																																																																																																																																																																																																																			
TP53	MRNA																																		mRNA High																																																																			mRNA High					mRNA High												mRNA High																																									mRNA High							mRNA High				mRNA High	mRNA High																																																																																	mRNA High																																																																										mRNA High	mRNA High	mRNA High	mRNA High																																																																																																																																									
CDH1	MRNA																																										mRNA High																											mRNA High																		mRNA Low								mRNA High																																				mRNA High																																														mRNA High								mRNA High																																				mRNA High																					mRNA High		mRNA High													mRNA High	mRNA High	mRNA High																																																																									mRNA High	mRNA High	mRNA High	mRNA High	mRNA High	mRNA High	mRNA High																																																																																																			mRNA High	mRNA High	mRNA Low																											
MAPK3	MRNA									mRNA High																																								mRNA High		mRNA High	mRNA High	mRNA High																mRNA High																																								mRNA High	mRNA High																																																																																									mRNA High																			mRNA High																																										mRNA High	mRNA High																																																																														mRNA High	mRNA High	mRNA High	mRNA High	mRNA High																																																																																																	mRNA High	mRNA High	mRNA High	mRNA High																							
AKT2	MRNA					mRNA Low			mRNA High							mRNA High		mRNA High			mRNA High						mRNA High			mRNA High					mRNA Low															mRNA High											mRNA High			mRNA Low					mRNA High									mRNA Low		mRNA High									mRNA Low	mRNA High	mRNA High	mRNA Low		mRNA High										mRNA High										mRNA High					mRNA Low					mRNA Low										mRNA High						mRNA Low						mRNA High			mRNA High								mRNA High	mRNA High		mRNA High	mRNA High	mRNA Low			mRNA Low		mRNA High	mRNA High												mRNA High	mRNA High							mRNA High	mRNA Low									mRNA Low				mRNA High	mRNA High			mRNA High	mRNA Low								mRNA High	mRNA High																			mRNA High			mRNA High																									mRNA High	mRNA High	mRNA High	mRNA High	mRNA High	mRNA High		mRNA High	mRNA High	mRNA High	mRNA High	mRNA High	mRNA High	mRNA Low																																															mRNA High				mRNA High						mRNA High	mRNA High							mRNA High	mRNA High	mRNA High		mRNA High	mRNA High	mRNA High	mRNA High	mRNA High			mRNA High	mRNA High	mRNA High	mRNA High	mRNA High	mRNA High	mRNA High	mRNA High	mRNA High	mRNA Low	mRNA Low																																																																												mRNA High			mRNA High	mRNA High	mRNA High		mRNA High	mRNA High	mRNA High	mRNA Low																			
MIR-203/203A	MRNA																																																																																																																																																																																																																																																																																																																																																																																																																																																																																		
MIR-34/34A	MRNA																																																																																																																																																																																																																																																																																																																																																																																																																																																																																		
SNAI2	MRNA		mRNA High				mRNA High																			mRNA High			mRNA High								mRNA High									mRNA High																															mRNA High	mRNA High			mRNA High																mRNA High																																mRNA High																																		mRNA High	mRNA High												mRNA High						mRNA High					mRNA High						mRNA High																mRNA High																			mRNA High																					mRNA High																											mRNA High		mRNA High	mRNA High	mRNA High	mRNA High																																																						mRNA High																	mRNA High															mRNA High	mRNA High																																																																																			mRNA High	mRNA High															
TP73	MRNA											mRNA High																							mRNA High																										mRNA High																																						mRNA High																																				mRNA High																							mRNA High								mRNA High			mRNA High				mRNA High																																																																																mRNA High	mRNA High																												mRNA High																																																																																							mRNA High	mRNA High																																																																																																	
AKT1	MRNA	mRNA Low	mRNA High					mRNA Low			mRNA Low				mRNA Low						mRNA High			mRNA Low		mRNA Low												mRNA High								mRNA High																						mRNA High					mRNA Low		mRNA Low	mRNA Low			mRNA Low																			mRNA Low							mRNA Low				mRNA Low	mRNA Low	mRNA Low				mRNA Low														mRNA High	mRNA Low		mRNA Low									mRNA High	mRNA Low										mRNA High				mRNA High														mRNA High																mRNA High			mRNA Low		mRNA High		mRNA Low	mRNA High	mRNA High									mRNA High				mRNA High									mRNA Low					mRNA Low	mRNA Low	mRNA Low				mRNA High					mRNA High		mRNA Low																mRNA Low		mRNA Low	mRNA Low							mRNA High		mRNA High																				mRNA High	mRNA High	mRNA High	mRNA High	mRNA High																																												mRNA High		mRNA Low		mRNA High					mRNA High	mRNA High	mRNA High			mRNA Low									mRNA High	mRNA High								mRNA High	mRNA High	mRNA High			mRNA High			mRNA High	mRNA High	mRNA High	mRNA High	mRNA High	mRNA Low	mRNA Low	mRNA Low	mRNA Low																																																															mRNA High	mRNA High					mRNA High																			
TP63	MRNA	mRNA High		mRNA High	mRNA High	mRNA High														mRNA High											mRNA High	mRNA High					mRNA High					mRNA High				mRNA High		mRNA High														mRNA High			mRNA High		mRNA High						mRNA High	mRNA High			mRNA High					mRNA High	mRNA High		mRNA High	mRNA High		mRNA High			mRNA High	mRNA High		mRNA High		mRNA High	mRNA High		mRNA High										mRNA High	mRNA High									mRNA High	mRNA High		mRNA High		mRNA High	mRNA High				mRNA High	mRNA High		mRNA High	mRNA High			mRNA High	mRNA High			mRNA High		mRNA High	mRNA High	mRNA High				mRNA High		mRNA High	mRNA High	mRNA High			mRNA High	mRNA High			mRNA High	mRNA High	mRNA High	mRNA High		mRNA High		mRNA High		mRNA High		mRNA High	mRNA High				mRNA High	mRNA High		mRNA High	mRNA High			mRNA High	mRNA High	mRNA High			mRNA High	mRNA High	mRNA High	mRNA High	mRNA High			mRNA High	mRNA High	mRNA High	mRNA High	mRNA High	mRNA High								mRNA High	mRNA High		mRNA High			mRNA High			mRNA High				mRNA High	mRNA High		mRNA High		mRNA High	mRNA High		mRNA High	mRNA High				mRNA High			mRNA High	mRNA High		mRNA High		mRNA High			mRNA High	mRNA High	mRNA High	mRNA High	mRNA High	mRNA High	mRNA High	mRNA High	mRNA High		mRNA High				mRNA High	mRNA High		mRNA High			mRNA High						mRNA High		mRNA High	mRNA High			mRNA High		mRNA High	mRNA High	mRNA High	mRNA High				mRNA High	mRNA High		mRNA High	mRNA High	mRNA High	mRNA High	mRNA High	mRNA High	mRNA High	mRNA High	mRNA High			mRNA High	mRNA High	mRNA High	mRNA High	mRNA High	mRNA High	mRNA High	mRNA High	mRNA High	mRNA High															mRNA High	mRNA High				mRNA High								mRNA High	mRNA High	mRNA High		mRNA High	mRNA High					mRNA High				mRNA High	mRNA High					mRNA High		mRNA High	mRNA High		mRNA High	mRNA High	mRNA High	mRNA High	mRNA High	mRNA High	mRNA High				mRNA High		mRNA High			mRNA High	mRNA High	mRNA High	mRNA High	mRNA High	mRNA High	mRNA High	mRNA High	mRNA High	mRNA High	mRNA High	mRNA High	mRNA High	mRNA High	mRNA High	mRNA High	mRNA High	mRNA High	mRNA High	mRNA High	mRNA High							mRNA High	mRNA High	mRNA High	mRNA High	mRNA High	mRNA High	mRNA High	mRNA High	mRNA High	mRNA High	mRNA High	mRNA High	mRNA High	mRNA High	mRNA High	mRNA High																				mRNA High					mRNA High		mRNA High			mRNA High					mRNA High	mRNA High	mRNA High	mRNA High											
ZEB2	MRNA													mRNA High																			mRNA High			mRNA High											mRNA High										mRNA High	mRNA High		mRNA High																																																																															mRNA High																																			mRNA High																																																									mRNA High									mRNA High															mRNA High																																		mRNA High																																																																																																																																				mRNA High																																				mRNA High										
TGFBR1	MRNA																																																	mRNA High				mRNA High																																			mRNA High																						mRNA High																																																																																																																																										mRNA High																																																																																																								mRNA High																																																																																																								mRNA High										
ZEB1	MRNA																mRNA High														mRNA High		mRNA High			mRNA High											mRNA High										mRNA High																													mRNA High																																																																																								mRNA High																																														mRNA High																				mRNA High																									mRNA High																								mRNA High																																																																																																																			mRNA High															mRNA High		mRNA High																																														
CDKN1A	MRNA		mRNA High											mRNA High							mRNA High																																mRNA High							mRNA High																	mRNA High																																																																																	mRNA High																																																			mRNA High										mRNA High																							mRNA High																																						mRNA High																																																																																																	mRNA High																																																												mRNA High																														
TWIST1	PROTEIN																																																																																																																																																																																																																																																																																																																																																																																																																																																																																		
SNAI1	PROTEIN																																																																																																																																																																																																																																																																																																																																																																																																																																																																																		
MIR-200A/200A	PROTEIN																																																																																																																																																																																																																																																																																																																																																																																																																																																																																		
DKK1	PROTEIN																																																																																																																																																																																																																																																																																																																																																																																																																																																																																		
CDH2	PROTEIN																																																																																																																																																																																																																																																																																																																																																																																																																																																																																		
CTNNB1	PROTEIN																																																																																																																																																																																																																																																																																																																																																																																																																																																																																		
NOTCH1	PROTEIN																																																																																																																																																																																																																																																																																																																																																																																																																																																																																		
SMAD2	PROTEIN																																																																																																																																																																																																																																																																																																																																																																																																																																																																																		
SMAD3	PROTEIN																																																																																																																																																																																																																																																																																																																																																																																																																																																																																		
SMAD4	PROTEIN																																																																																																																																																																																																																																																																																																																																																																																																																																																																																		
VIM	PROTEIN																																																																																																																																																																																																																																																																																																																																																																																																																																																																																		
TP53	PROTEIN																																																																																																																																																																																																																																																																																																																																																																																																																																																																																		
CDH1	PROTEIN																																																																																																																																																																																																																																																																																																																																																																																																																																																																																		
MAPK3	PROTEIN																																																																																																																																																																																																																																																																																																																																																																																																																																																																																		
AKT2	PROTEIN																																																																																																																																																																																																																																																																																																																																																																																																																																																																																		
MIR-203/203A	PROTEIN																																																																																																																																																																																																																																																																																																																																																																																																																																																																																		
MIR-34/34A	PROTEIN																																																																																																																																																																																																																																																																																																																																																																																																																																																																																		
SNAI2	PROTEIN																																																																																																																																																																																																																																																																																																																																																																																																																																																																																		
TP73	PROTEIN																																																																																																																																																																																																																																																																																																																																																																																																																																																																																		
AKT1	PROTEIN																																																																																																																																																																																																																																																																																																																																																																																																																																																																																		
TP63	PROTEIN																																																																																																																																																																																																																																																																																																																																																																																																																																																																																		
ZEB2	PROTEIN																																																																																																																																																																																																																																																																																																																																																																																																																																																																																		
TGFBR1	PROTEIN																																																																																																																																																																																																																																																																																																																																																																																																																																																																																		
ZEB1	PROTEIN																																																																																																																																																																																																																																																																																																																																																																																																																																																																																		
CDKN1A	PROTEIN																																																																																																																																																																																																																																																																																																																																																																																																																																																																																		
TWIST1	FUSION																																																																																																																																																																																																																																																																																																																																																																																																																																																																																		
SNAI1	FUSION																																																																																																																																																																																																																																																																																																																																																																																																																																																																																		
MIR-200A/200A	FUSION																																																																																																																																																																																																																																																																																																																																																																																																																																																																																		
DKK1	FUSION																																																																																																																																																																																																																																																																																																																																																																																																																																																																																		
CDH2	FUSION																																																																															Fusion																																																																																																																																																																																																																																																																																																																																																																																																			
CTNNB1	FUSION																																																																																																																																																																																																																																																																																																																																																																																																																																																																																		
NOTCH1	FUSION																				Fusion																																																																																																																																																																																																																																																																																																																																																																																																																																																														
SMAD2	FUSION																																																																																																																																																																																																																																																																																																																																																																																																																																																																																		
SMAD3	FUSION																																																																																																																																																																																																																																																																																																																																																																																																																																																																																		
SMAD4	FUSION																																																																																				Fusion																																																																																																																																																																																																																																																																																																																																																																																														
VIM	FUSION																																																																																																																																																																																																																																																																																																																																																																																																																																																																																		
TP53	FUSION																																																																																																																																																																																																																																																																																																																																																																																																																																																																																		
CDH1	FUSION																																																																																																																																																																																																																																																																																																																																																																																																																																																																																		
MAPK3	FUSION																																																																																																																																																																																																																																																																																																																																																																																																																																																																																		
AKT2	FUSION																																																																																																																																																																																																																																																																																																																																																																																																																																																																																		
MIR-203/203A	FUSION																																																																																																																																																																																																																																																																																																																																																																																																																																																																																		
MIR-34/34A	FUSION																																																																																																																																																																																																																																																																																																																																																																																																																																																																																		
SNAI2	FUSION																																																																																																																																																																																																																																																																																																																																																																																																																																																																																		
TP73	FUSION																																																																																																																																																																																																																																																																																																																																																																																																																																																																																		
AKT1	FUSION																																																																																																																																																																																																																																																																																																																																																																																																																																																																																		
TP63	FUSION																																																																																																																																																																																																																																																										Fusion																																																																																																																																																																																																																								
ZEB2	FUSION																																																																																																																																																																																																																																																																																																																																																																																																																																																																																		
TGFBR1	FUSION																																																																																																																																																																																																																																																																																																																																																																																																																																																																																		
ZEB1	FUSION																																																																																																																																																																																																																																																																																																																																																																																																																																																																																		
CDKN1A	FUSION																																																																																																																																																																																																																																																																																																																																																																																																																																																																																		
