track_name	track_type	TCGA-IG-A3Y9	TCGA-JY-A6FH	TCGA-LN-A4A1	TCGA-JY-A6FA	TCGA-R6-A8WC	TCGA-VR-A8ET	TCGA-2H-A9GK	TCGA-L5-A8NG	TCGA-L5-A8NL	TCGA-Z6-A8JD	TCGA-S8-A6BW	TCGA-L5-A43C	TCGA-LN-A9FO	TCGA-LN-A4MR	TCGA-ZR-A9CJ	TCGA-Z6-A8JE	TCGA-Z6-AAPN	TCGA-L5-A8NK	TCGA-LN-A9FR	TCGA-LN-A49X	TCGA-LN-A7HW	TCGA-LN-A49V	TCGA-IG-A3I8	TCGA-IG-A5S3	TCGA-IG-A50L	TCGA-LN-A7HV	TCGA-LN-A49O	TCGA-VR-AA7B	TCGA-IG-A97H	TCGA-L5-A88S	TCGA-VR-A8EO	TCGA-L5-A43H	TCGA-IG-A3YC	TCGA-L5-A4OO	TCGA-L5-A4OQ	TCGA-L5-A891	TCGA-JY-A6FG	TCGA-L5-A43M	TCGA-2H-A9GI	TCGA-L5-A8NI	TCGA-L5-A4OR	TCGA-L5-A4OH	TCGA-2H-A9GN	TCGA-R6-A6Y2	TCGA-VR-A8Q7	TCGA-L5-A4OT	TCGA-L5-A4OX	TCGA-S8-A6BV	TCGA-L5-A8NU	TCGA-L5-A4OS	TCGA-L5-A8NE	TCGA-LN-A49W	TCGA-R6-A8W5	TCGA-2H-A9GO	TCGA-LN-A49L	TCGA-JY-A6FE	TCGA-L5-A8NN	TCGA-R6-A8WG	TCGA-R6-A6XQ	TCGA-R6-A6DN	TCGA-VR-A8EY	TCGA-R6-A6DQ	TCGA-LN-A49Y	TCGA-JY-A938	TCGA-LN-A5U6	TCGA-R6-A6XG	TCGA-V5-A7RE	TCGA-IC-A6RE	TCGA-L5-A8NT	TCGA-L5-A8NQ	TCGA-VR-A8EQ	TCGA-2H-A9GM	TCGA-L5-A88V	TCGA-LN-A8I1	TCGA-V5-AASX	TCGA-LN-A4A5	TCGA-LN-A9FP	TCGA-L5-A4OF	TCGA-IG-A3YA	TCGA-V5-A7RB	TCGA-L5-A8NM	TCGA-VR-AA4G	TCGA-LN-A7HX	TCGA-L5-A4OJ	TCGA-Q9-A6FU	TCGA-L5-A4OI	TCGA-IG-A6QS	TCGA-2H-A9GH	TCGA-LN-A7HZ	TCGA-V5-AASV	TCGA-L5-A43J	TCGA-KH-A6WC	TCGA-LN-A49N	TCGA-VR-A8EZ	TCGA-V5-A7RC	TCGA-IG-A97I	TCGA-LN-A4A2	TCGA-LN-A4A9	TCGA-XP-A8T8	TCGA-2H-A9GR	TCGA-L5-A8NS	TCGA-IG-A625	TCGA-LN-A4A3	TCGA-2H-A9GQ	TCGA-L5-A4OU	TCGA-L5-A8NJ	TCGA-RE-A7BO	TCGA-2H-A9GL	TCGA-JY-A93F	TCGA-VR-AA7D	TCGA-LN-A49P	TCGA-LN-A5U7	TCGA-L7-A6VZ	TCGA-LN-A8I0	TCGA-R6-A6L4	TCGA-M9-A5M8	TCGA-R6-A6Y0	TCGA-R6-A6KZ	TCGA-Q9-A6FW	TCGA-JY-A93C	TCGA-L5-A4OE	TCGA-VR-AA7I	TCGA-IG-A4QT	TCGA-XP-A8T6	TCGA-LN-A4A4	TCGA-VR-A8EW	TCGA-R6-A8W8	TCGA-VR-A8EX	TCGA-IG-A3YB	TCGA-IG-A51D	TCGA-JY-A6FD	TCGA-LN-A49U	TCGA-L5-A4OM	TCGA-L7-A56G	TCGA-LN-A8HZ	TCGA-LN-A49R	TCGA-LN-A49M	TCGA-LN-A5U5	TCGA-LN-A9FQ	TCGA-LN-A49K	TCGA-LN-A49S	TCGA-L5-A8NV	TCGA-IG-A4QS	TCGA-JY-A6F8	TCGA-JY-A93E	TCGA-JY-A939	TCGA-L5-A4OG	TCGA-L5-A4OW	TCGA-LN-A7HY	TCGA-X8-AAAR	TCGA-IG-A3QL	TCGA-L5-A4OP	TCGA-L5-A893	TCGA-VR-A8EU	TCGA-2H-A9GF	TCGA-LN-A4MQ	TCGA-IG-A8O2	TCGA-Z6-A9VB	TCGA-IG-A5B8	TCGA-2H-A9GJ	TCGA-VR-A8ER	TCGA-L5-A4ON	TCGA-VR-AA4D	TCGA-JY-A93D	TCGA-LN-A4A6	TCGA-VR-A8EP	TCGA-V5-AASW	TCGA-IG-A4P3	TCGA-L5-A88Z	TCGA-L5-A8NH	TCGA-JY-A6FB	TCGA-L5-A8NW	TCGA-L5-A43E	TCGA-L5-A43I	TCGA-L5-A88Y	TCGA-LN-A4A8	TCGA-L5-A88W	TCGA-L5-A8NF	TCGA-L5-A8NR	TCGA-IG-A7DP	TCGA-R6-A6L6
TWIST1	CNA	Amplification	Amplification	Amplification	Amplification	Amplification	Amplification																																																																																																																																																																															
SNAI1	CNA		Amplification							Amplification	Amplification																									Amplification	Amplification	Amplification	Amplification	Amplification																																																																																																																																														
MIR-200A/200A	CNA			Amplification																																Deep Deletion					Amplification											Amplification	Amplification	Amplification																																																																																																																																
DKK1	CNA				Amplification												Deep Deletion																			Deep Deletion																			Amplification	Amplification																																																																																																																														
CDH2	CNA									Amplification																																Amplification															Deep Deletion									Amplification	Amplification	Amplification	Deep Deletion	Deep Deletion	Deep Deletion																																																																																																															
CTNNB1	CNA																																				Amplification																		Amplification																																																																																																																															
NOTCH1	CNA		Amplification																																	Amplification																Amplification									Amplification																											Amplification	Amplification	Amplification																																																																																												
SMAD2	CNA																																																								Deep Deletion									Amplification			Deep Deletion	Deep Deletion	Deep Deletion	Deep Deletion																												Amplification	Deep Deletion	Deep Deletion																																																																																
SMAD3	CNA																Deep Deletion																																																																																																																																																																					
SMAD4	CNA							Deep Deletion																																							Deep Deletion										Deep Deletion										Deep Deletion		Deep Deletion	Deep Deletion	Deep Deletion	Deep Deletion	Deep Deletion								Deep Deletion																Deep Deletion					Deep Deletion													Deep Deletion	Deep Deletion	Deep Deletion																																																																	
VIM	CNA																																									Deep Deletion																																																																																																																																												
TP53	CNA																																															Deep Deletion																													Amplification														Deep Deletion																																																																																											
CDH1	CNA																															Amplification												Deep Deletion		Amplification																							Deep Deletion																		Deep Deletion											Amplification																											Amplification																																																									
MAPK3	CNA																																			Amplification																															Amplification																																																											Amplification																																																								
AKT2	CNA																																				Amplification															Amplification																																																																																																																																		
MIR-203/203A	CNA																Deep Deletion																																																																																																																																																																					
MIR-34/34A	CNA		Amplification																																						Amplification												Amplification	Amplification																																					Deep Deletion																																																																																											
SNAI2	CNA																																	Amplification																																																																																							Amplification								Deep Deletion																																																					
TP73	CNA			Amplification																																Deep Deletion					Amplification											Amplification	Amplification	Amplification																																																																																																																																
AKT1	CNA		Amplification		Deep Deletion																																																																																																												Amplification					Amplification																																																																
TP63	CNA				Amplification			Amplification														Amplification					Amplification			Amplification		Amplification	Amplification																				Amplification									Amplification	Amplification			Amplification									Amplification			Amplification		Amplification				Amplification					Amplification	Amplification				Amplification	Amplification	Amplification		Amplification		Amplification													Amplification		Amplification								Amplification		Amplification		Amplification							Amplification		Amplification	Amplification	Amplification	Amplification																Amplification			Amplification			Amplification						Amplification	Amplification														
ZEB2	CNA												Deep Deletion																							Amplification																																							Amplification																																																																																																											
TGFBR1	CNA																																																																																							Amplification																																																																																														
ZEB1	CNA																																																							Amplification																																																																Amplification																																																														
CDKN1A	CNA																																																														Amplification													Amplification																																																																			Amplification																																							
TWIST1	MUTATIONS							Missense Mutation (putative passenger)	Missense Mutation (putative passenger)																																																																																																																																																																													
SNAI1	MUTATIONS											Missense Mutation (putative passenger)																																																																																																																																																																										
MIR-200A/200A	MUTATIONS																																																																																																																																																																																					
DKK1	MUTATIONS																																																																																																																																																																																					
CDH2	MUTATIONS																																										Missense Mutation (putative passenger)																													Truncating mutation (putative passenger)	Truncating mutation (putative passenger)	Truncating mutation (putative passenger)	Missense Mutation (putative passenger)	Missense Mutation (putative passenger)																																																																																																										
CTNNB1	MUTATIONS																																																										Missense Mutation (putative driver)	Missense Mutation (putative driver)																					Missense Mutation (putative driver)	Truncating mutation (putative passenger)	Missense Mutation (putative passenger)	Missense Mutation (putative passenger)	Missense Mutation (putative passenger)																																																																																																	
NOTCH1	MUTATIONS	Truncating mutation (putative driver)		Truncating mutation (putative driver)																Missense Mutation (putative driver)			Missense Mutation (putative passenger)		Truncating mutation (putative driver)	Missense Mutation (putative passenger)																		Missense Mutation (putative passenger)																		Truncating mutation (putative driver)				Truncating mutation (putative driver)																									Truncating mutation (putative driver)	Truncating mutation (putative driver)	Truncating mutation (putative driver)	Missense Mutation (putative passenger)	Missense Mutation (putative passenger)																																																																																							
SMAD2	MUTATIONS																																																																																															Missense Mutation (putative passenger)																																																																																						
SMAD3	MUTATIONS																																																																							Missense Mutation (putative driver)																																					Missense Mutation (putative passenger)	Missense Mutation (putative passenger)																																																																								
SMAD4	MUTATIONS					Inframe Mutation (putative passenger)												Truncating mutation (putative driver)																								Missense Mutation (putative driver)		Missense Mutation (putative driver)																												Missense Mutation (putative driver)														Truncating mutation (putative driver)																									Truncating mutation (putative driver)							Truncating mutation (putative driver)	Truncating mutation (putative driver)	Truncating mutation (putative driver)	Missense Mutation (putative driver)	Missense Mutation (putative driver)																																																												
VIM	MUTATIONS																																														Missense Mutation (putative passenger)														Missense Mutation (putative passenger)																																																																																																																									
TP53	MUTATIONS	Missense Mutation (putative driver)	Missense Mutation (putative driver)	Missense Mutation (putative driver)	Truncating mutation (putative driver)	Truncating mutation (putative driver)		Truncating mutation (putative driver)	Missense Mutation (putative driver)	Missense Mutation (putative driver)	Missense Mutation (putative driver)	Missense Mutation (putative driver)	Missense Mutation (putative driver)	Truncating mutation (putative driver)	Missense Mutation (putative driver)	Missense Mutation (putative driver)	Missense Mutation (putative driver)	Missense Mutation (putative driver)	Missense Mutation (putative driver)	Truncating mutation (putative driver)	Missense Mutation (putative driver)	Missense Mutation (putative driver)	Missense Mutation (putative driver)	Missense Mutation (putative driver)	Missense Mutation (putative driver)	Missense Mutation (putative driver)	Missense Mutation (putative driver)	Missense Mutation (putative driver)	Missense Mutation (putative driver)	Truncating mutation (putative driver)	Truncating mutation (putative driver)	Truncating mutation (putative driver)	Truncating mutation (putative driver)	Truncating mutation (putative driver)	Missense Mutation (putative driver)	Missense Mutation (putative driver)	Truncating mutation (putative driver)	Missense Mutation (putative driver)			Missense Mutation (putative driver)	Truncating mutation (putative driver)		Truncating mutation (putative driver)	Missense Mutation (putative driver)	Missense Mutation (putative driver)	Missense Mutation (putative driver)	Truncating mutation (putative driver)	Missense Mutation (putative driver)				Missense Mutation (putative driver)	Missense Mutation (putative driver)	Missense Mutation (putative driver)	Truncating mutation (putative driver)	Truncating mutation (putative driver)		Missense Mutation (putative driver)	Missense Mutation (putative driver)	Missense Mutation (putative driver)	Truncating mutation (putative driver)	Truncating mutation (putative driver)	Missense Mutation (putative driver)	Missense Mutation (putative driver)	Truncating mutation (putative driver)		Truncating mutation (putative driver)	Missense Mutation (putative driver)	Missense Mutation (putative driver)	Missense Mutation (putative driver)	Truncating mutation (putative driver)	Inframe Mutation (putative driver)	Missense Mutation (putative driver)	Missense Mutation (putative driver)	Missense Mutation (putative driver)	Missense Mutation (putative driver)	Truncating mutation (putative driver)	Inframe Mutation (putative driver)	Missense Mutation (putative driver)	Missense Mutation (putative driver)		Truncating mutation (putative driver)	Missense Mutation (putative driver)	Truncating mutation (putative driver)			Missense Mutation (putative driver)	Truncating mutation (putative driver)	Missense Mutation (putative driver)		Missense Mutation (putative driver)		Truncating mutation (putative driver)	Missense Mutation (putative driver)	Truncating mutation (putative driver)	Truncating mutation (putative driver)	Truncating mutation (putative driver)	Missense Mutation (putative driver)	Missense Mutation (putative driver)	Missense Mutation (putative driver)	Missense Mutation (putative driver)	Truncating mutation (putative driver)	Truncating mutation (putative driver)	Missense Mutation (putative driver)	Missense Mutation (putative driver)	Missense Mutation (putative driver)		Truncating mutation (putative driver)		Missense Mutation (putative driver)	Truncating mutation (putative driver)	Missense Mutation (putative driver)	Missense Mutation (putative driver)	Missense Mutation (putative driver)	Missense Mutation (putative driver)		Truncating mutation (putative driver)	Missense Mutation (putative driver)		Missense Mutation (putative driver)	Missense Mutation (putative driver)	Missense Mutation (putative driver)		Truncating mutation (putative driver)	Truncating mutation (putative driver)	Truncating mutation (putative driver)	Truncating mutation (putative driver)	Truncating mutation (putative driver)	Truncating mutation (putative driver)	Truncating mutation (putative driver)	Truncating mutation (putative driver)	Truncating mutation (putative driver)	Truncating mutation (putative driver)	Truncating mutation (putative driver)	Truncating mutation (putative driver)	Truncating mutation (putative driver)	Truncating mutation (putative driver)	Truncating mutation (putative driver)	Truncating mutation (putative driver)	Truncating mutation (putative driver)	Truncating mutation (putative driver)	Truncating mutation (putative driver)	Truncating mutation (putative driver)	Truncating mutation (putative driver)	Truncating mutation (putative driver)	Truncating mutation (putative driver)	Truncating mutation (putative driver)	Truncating mutation (putative driver)	Truncating mutation (putative driver)	Truncating mutation (putative driver)	Inframe Mutation (putative driver)	Inframe Mutation (putative driver)	Inframe Mutation (putative driver)	Inframe Mutation (putative driver)	Inframe Mutation (putative driver)	Inframe Mutation (putative driver)	Missense Mutation (putative driver)	Missense Mutation (putative driver)	Missense Mutation (putative driver)	Missense Mutation (putative driver)	Missense Mutation (putative driver)	Missense Mutation (putative driver)	Missense Mutation (putative driver)	Missense Mutation (putative driver)	Missense Mutation (putative driver)	Missense Mutation (putative driver)	Missense Mutation (putative driver)	Missense Mutation (putative driver)	Missense Mutation (putative driver)	Missense Mutation (putative driver)	Missense Mutation (putative driver)	Missense Mutation (putative driver)	Missense Mutation (putative driver)	Missense Mutation (putative driver)	Missense Mutation (putative driver)	Missense Mutation (putative driver)					
CDH1	MUTATIONS																																																																																																																																																																																					
MAPK3	MUTATIONS																																																																																																																																																																																					
AKT2	MUTATIONS																																																																																																				Missense Mutation (putative passenger)																																																																																	
MIR-203/203A	MUTATIONS																																																																																																																																																																																					
MIR-34/34A	MUTATIONS																																																																																																																																																																																					
SNAI2	MUTATIONS																							Missense Mutation (putative passenger)																																																																																						Missense Mutation (putative passenger)							Truncating mutation (putative passenger)																																																Missense Mutation (putative passenger)															Missense Mutation (putative passenger)		
TP73	MUTATIONS																																																																																						Missense Mutation (putative passenger)															Missense Mutation (putative passenger)																																																																																
AKT1	MUTATIONS																																																																																											Missense Mutation (putative passenger)																																																																					Missense Mutation (putative passenger)																					
TP63	MUTATIONS																																																																																			Missense Mutation (putative passenger)																																																																																																		
ZEB2	MUTATIONS																																																													Missense Mutation (putative passenger)				Missense Mutation (putative passenger)				Missense Mutation (putative passenger)	Missense Mutation (putative passenger)																					Missense Mutation (putative passenger)																																																																																										
TGFBR1	MUTATIONS																																					Missense Mutation (putative passenger)																	Missense Mutation (putative passenger)																																																																																																																															
ZEB1	MUTATIONS																Missense Mutation (putative passenger)																																																																																																			Missense Mutation (putative passenger)													Missense Mutation (putative passenger)																																																					
CDKN1A	MUTATIONS	Missense Mutation (putative passenger)																																																																																																																																																																																				
TWIST1	MRNA	mRNA High								mRNA High	mRNA High	mRNA High	mRNA High	mRNA High	mRNA High	mRNA High	mRNA High	mRNA High	mRNA High	mRNA High	mRNA High	mRNA High	mRNA High	mRNA High	mRNA High	mRNA High	mRNA High	mRNA High	mRNA High	mRNA High	mRNA High	mRNA High	mRNA High	mRNA High	mRNA High																																																																																																																																																			
SNAI1	MRNA							mRNA High		mRNA High	mRNA High		mRNA High	mRNA High	mRNA High	mRNA High																				mRNA High	mRNA High				mRNA High	mRNA High	mRNA High	mRNA High	mRNA High	mRNA High	mRNA High	mRNA High	mRNA High	mRNA High	mRNA High																																																																																																																																			
MIR-200A/200A	MRNA																																																																																																																																																																																					
DKK1	MRNA																	mRNA High	mRNA High																																						mRNA High	mRNA High	mRNA High	mRNA High	mRNA High	mRNA High	mRNA High	mRNA High	mRNA High																																																																																																																					
CDH2	MRNA																			mRNA High	mRNA High	mRNA High																																			mRNA High	mRNA High																			mRNA High	mRNA High	mRNA High	mRNA High																																																																																																						
CTNNB1	MRNA																						mRNA High	mRNA High													mRNA High																						mRNA High																											mRNA High	mRNA High	mRNA Low																																																																																														
NOTCH1	MRNA		mRNA High																	mRNA High			mRNA High	mRNA High			mRNA High	mRNA High																mRNA High	mRNA High											mRNA High																																								mRNA High	mRNA High	mRNA High	mRNA High																																																																																			
SMAD2	MRNA					mRNA Low																		mRNA High			mRNA High		mRNA High	mRNA Low																mRNA High																				mRNA High	mRNA Low					mRNA Low	mRNA High								mRNA Low							mRNA Low	mRNA Low											mRNA High	mRNA Low		mRNA High	mRNA High	mRNA High	mRNA Low	mRNA Low	mRNA Low																																																																										
SMAD3	MRNA				mRNA High			mRNA High																																																																											mRNA High	mRNA High										mRNA High		mRNA High	mRNA High	mRNA High					mRNA High								mRNA High	mRNA High	mRNA High	mRNA High																																																																				
SMAD4	MRNA							mRNA Low										mRNA Low					mRNA High	mRNA High						mRNA Low							mRNA Low									mRNA High	mRNA Low											mRNA High	mRNA Low								mRNA Low	mRNA Low				mRNA Low									mRNA Low							mRNA Low	mRNA Low							mRNA High	mRNA Low									mRNA Low	mRNA Low	mRNA Low			mRNA Low				mRNA Low	mRNA Low	mRNA Low																																																																	
VIM	MRNA												mRNA High																		mRNA High																										mRNA High																																																																		mRNA High	mRNA High																																																										
TP53	MRNA																						mRNA High									mRNA High														mRNA High																															mRNA High																																																																											mRNA High						mRNA High	mRNA High																							
CDH1	MRNA																																mRNA High											mRNA Low						mRNA Low							mRNA Low													mRNA High									mRNA High																			mRNA High																											mRNA High	mRNA High	mRNA High																																																			mRNA High				
MAPK3	MRNA																																			mRNA High																															mRNA High							mRNA High					mRNA High								mRNA High						mRNA High																																			mRNA High																									mRNA High	mRNA High						mRNA High																						
AKT2	MRNA													mRNA High			mRNA High		mRNA High																	mRNA High																						mRNA High	mRNA High																				mRNA High													mRNA Low	mRNA High			mRNA High																																	mRNA High	mRNA High	mRNA High																														mRNA High	mRNA High	mRNA Low	mRNA Low															mRNA Low			
MIR-203/203A	MRNA																																																																																																																																																																																					
MIR-34/34A	MRNA																																																																																																																																																																																					
SNAI2	MRNA										mRNA High							mRNA High			mRNA High							mRNA High	mRNA High																																																											mRNA High				mRNA High																					mRNA High																			mRNA High	mRNA High																						mRNA High																											
TP73	MRNA			mRNA High																					mRNA High																																																																							mRNA High																																						mRNA High	mRNA High																															mRNA High																
AKT1	MRNA		mRNA High	mRNA High	mRNA Low		mRNA Low				mRNA High											mRNA High						mRNA High																								mRNA High										mRNA High																	mRNA Low					mRNA High								mRNA High									mRNA High				mRNA Low								mRNA High																							mRNA High																				mRNA High																										
TP63	MRNA				mRNA High						mRNA High	mRNA High								mRNA High	mRNA High	mRNA High				mRNA High	mRNA High	mRNA High																									mRNA High									mRNA High		mRNA High		mRNA High														mRNA High			mRNA High	mRNA High		mRNA High		mRNA High		mRNA High				mRNA High	mRNA High	mRNA High		mRNA High	mRNA High	mRNA High			mRNA High								mRNA High		mRNA High		mRNA High								mRNA High		mRNA High		mRNA High		mRNA High	mRNA High	mRNA High	mRNA High	mRNA High	mRNA High		mRNA High	mRNA High	mRNA High		mRNA High	mRNA High	mRNA High										mRNA High			mRNA High		mRNA High	mRNA High	mRNA High	mRNA High		mRNA High				mRNA High	mRNA High		mRNA High	mRNA High												
ZEB2	MRNA									mRNA High			mRNA High																																mRNA High					mRNA High																				mRNA High								mRNA High		mRNA High																																												mRNA High																																									mRNA High																mRNA High	
TGFBR1	MRNA												mRNA High				mRNA High									mRNA High		mRNA High											mRNA High																																																	mRNA High				mRNA High		mRNA High					mRNA High												mRNA High		mRNA High																																																mRNA High										mRNA High								mRNA High			
ZEB1	MRNA																																																																												mRNA High	mRNA High																																																																																							mRNA High																	
CDKN1A	MRNA						mRNA High																															mRNA High																																																																																					mRNA High									mRNA High																												mRNA High																		mRNA High				
TWIST1	PROTEIN																																																																																																																																																																																					
SNAI1	PROTEIN																																																																																																																																																																																					
MIR-200A/200A	PROTEIN																																																																																																																																																																																					
DKK1	PROTEIN																																																																																																																																																																																					
CDH2	PROTEIN																																																																																																																																																																																					
CTNNB1	PROTEIN																																																																																																																																																																																					
NOTCH1	PROTEIN																																																																																																																																																																																					
SMAD2	PROTEIN																																																																																																																																																																																					
SMAD3	PROTEIN																																																																																																																																																																																					
SMAD4	PROTEIN																																																																																																																																																																																					
VIM	PROTEIN																																																																																																																																																																																					
TP53	PROTEIN																																																																																																																																																																																					
CDH1	PROTEIN																																																																																																																																																																																					
MAPK3	PROTEIN																																																																																																																																																																																					
AKT2	PROTEIN																																																																																																																																																																																					
MIR-203/203A	PROTEIN																																																																																																																																																																																					
MIR-34/34A	PROTEIN																																																																																																																																																																																					
SNAI2	PROTEIN																																																																																																																																																																																					
TP73	PROTEIN																																																																																																																																																																																					
AKT1	PROTEIN																																																																																																																																																																																					
TP63	PROTEIN																																																																																																																																																																																					
ZEB2	PROTEIN																																																																																																																																																																																					
TGFBR1	PROTEIN																																																																																																																																																																																					
ZEB1	PROTEIN																																																																																																																																																																																					
CDKN1A	PROTEIN																																																																																																																																																																																					
TWIST1	FUSION																																																																																																																																																																																					
SNAI1	FUSION																																																																																																																																																																																					
MIR-200A/200A	FUSION																																																																																																																																																																																					
DKK1	FUSION																																																																																																																																																																																					
CDH2	FUSION																																																																																																																																																																																					
CTNNB1	FUSION																																																																																																																																																																																					
NOTCH1	FUSION																																																																																																																																																																																					
SMAD2	FUSION																																																																																																																																																																																					
SMAD3	FUSION																																																																																																																																																																																					
SMAD4	FUSION																																																																																																																																																																																					
VIM	FUSION																																																																																																																																																																																					
TP53	FUSION																																																																																																																																																																																					
CDH1	FUSION																																																																																																																																																																																					
MAPK3	FUSION																																																																																																																																																																																					
AKT2	FUSION																																																																																																																																																																																					
MIR-203/203A	FUSION																																																																																																																																																																																					
MIR-34/34A	FUSION																																																																																																																																																																																					
SNAI2	FUSION																																																																																																																																																																																					
TP73	FUSION																																																																																																																																																																																					
AKT1	FUSION																																																																																																																																																																																					
TP63	FUSION																																																																																																																																								Fusion																																													
ZEB2	FUSION																																																																																																																																																																																					
TGFBR1	FUSION																																																																																																																																																																																					
ZEB1	FUSION																																																																																																																																																													Fusion																								
CDKN1A	FUSION																																																																																																																																																																																					
