track_name	track_type	TCGA-3A-A9I7	TCGA-2J-AABP	TCGA-3A-A9IC	TCGA-IB-AAUS	TCGA-OE-A75W	TCGA-YH-A8SY	TCGA-FB-AAPS	TCGA-IB-A6UF	TCGA-3A-A9IZ	TCGA-IB-AAUR	TCGA-HZ-7925	TCGA-HZ-A77Q	TCGA-HZ-A4BH	TCGA-XD-AAUG	TCGA-XN-A8T5	TCGA-IB-8126	TCGA-XD-AAUH	TCGA-IB-7652	TCGA-IB-7644	TCGA-3A-A9I9	TCGA-3A-A9IX	TCGA-IB-AAUQ	TCGA-FB-AAPZ	TCGA-HZ-7922	TCGA-HZ-7919	TCGA-IB-A7M4	TCGA-2J-AABU	TCGA-IB-A5SS	TCGA-F2-A7TX	TCGA-FB-A7DR	TCGA-HV-A5A3	TCGA-HV-A7OP	TCGA-F2-A44G	TCGA-FB-A78T	TCGA-FB-AAPQ	TCGA-2J-AABT	TCGA-HV-A5A6	TCGA-2J-AABO	TCGA-IB-7651	TCGA-2L-AAQA	TCGA-RB-A7B8	TCGA-3A-A9IR	TCGA-3A-A9I5	TCGA-IB-7887	TCGA-IB-7890	TCGA-3A-A9J0	TCGA-LB-A7SX	TCGA-IB-AAUU	TCGA-HZ-8315	TCGA-H6-8124	TCGA-XN-A8T3	TCGA-IB-A6UG	TCGA-IB-7893	TCGA-3A-A9IN	TCGA-3A-A9IV	TCGA-3A-A9IO	TCGA-2L-AAQM	TCGA-3A-A9IJ	TCGA-2J-AABI	TCGA-2J-AAB8	TCGA-IB-7886	TCGA-3E-AAAZ	TCGA-2L-AAQE	TCGA-US-A77G	TCGA-FB-AAPU	TCGA-S4-A8RO	TCGA-H8-A6C1	TCGA-HV-A7OL	TCGA-Q3-AA2A	TCGA-FB-AAQ6	TCGA-HV-AA8X	TCGA-HZ-A8P1	TCGA-IB-A5SP	TCGA-PZ-A5RE	TCGA-FB-AAQ0	TCGA-HZ-A9TJ	TCGA-HZ-A4BK	TCGA-IB-8127	TCGA-2J-AABV	TCGA-S4-A8RM	TCGA-HZ-7926	TCGA-XD-AAUL	TCGA-3A-A9IB	TCGA-2L-AAQI	TCGA-F2-6879	TCGA-M8-A5N4	TCGA-3A-A9IU	TCGA-FB-AAPY	TCGA-IB-AAUN	TCGA-2J-AAB4	TCGA-2J-AABE	TCGA-2J-AABA	TCGA-HV-A5A4	TCGA-S4-A8RP	TCGA-LB-A9Q5	TCGA-IB-7889	TCGA-3A-A9IH	TCGA-HV-AA8V	TCGA-IB-7891	TCGA-YB-A89D	TCGA-IB-AAUM	TCGA-3A-A9IS	TCGA-2J-AABH	TCGA-FB-AAQ3	TCGA-FB-A5VM	TCGA-F2-A8YN	TCGA-2J-AAB6	TCGA-FB-A545	TCGA-FB-AAQ2	TCGA-IB-7647	TCGA-HZ-A8P0	TCGA-IB-AAUV	TCGA-RB-AA9M	TCGA-IB-7649	TCGA-IB-7888	TCGA-IB-7645	TCGA-US-A779	TCGA-3E-AAAY	TCGA-HZ-A77P	TCGA-2J-AAB9	TCGA-2J-AABF	TCGA-2L-AAQL	TCGA-FB-AAQ1	TCGA-HZ-8005	TCGA-IB-A5SO	TCGA-HZ-8636	TCGA-2L-AAQJ	TCGA-HZ-A49I	TCGA-HV-A5A5	TCGA-XD-AAUI	TCGA-IB-7646	TCGA-HZ-A77O	TCGA-HZ-8637	TCGA-2J-AABK	TCGA-H6-A45N	TCGA-HZ-A49G	TCGA-HZ-8001	TCGA-Z5-AAPL	TCGA-US-A776	TCGA-IB-A7LX	TCGA-LB-A8F3	TCGA-YY-A8LH	TCGA-HZ-7289	TCGA-IB-7885	TCGA-FB-AAPP	TCGA-IB-AAUP	TCGA-2J-AAB1	TCGA-IB-AAUO	TCGA-US-A77E	TCGA-F2-7273	TCGA-HZ-8002	TCGA-IB-7897	TCGA-2J-AABR	TCGA-3A-A9IL	TCGA-F2-A44H	TCGA-FB-A4P5	TCGA-HZ-A49H	TCGA-HZ-7918	TCGA-HZ-7920	TCGA-HZ-7924	TCGA-HZ-8003	TCGA-HZ-8317	TCGA-HZ-8638	TCGA-IB-A5SQ	TCGA-IB-A5ST	TCGA-IB-AAUW	TCGA-Q3-A5QY	TCGA-US-A774
TWIST1	CNA	Amplification																																																																																																																																																																							
SNAI1	CNA								Amplification																																																																																																																																																																
MIR-200A/200A	CNA																		Amplification	Amplification	Amplification	Deep Deletion																																																																																																																																																			
DKK1	CNA																						Amplification																																																																																																																																																		
CDH2	CNA																						Amplification										Amplification	Amplification	Amplification	Amplification	Amplification	Deep Deletion	Deep Deletion																																																																																																																																		
CTNNB1	CNA																		Amplification																																																																																																																																																						
NOTCH1	CNA																																																																																																																																																																								
SMAD2	CNA																							Deep Deletion														Deep Deletion	Deep Deletion																						Deep Deletion	Deep Deletion																																																																																																											
SMAD3	CNA																																																																																																																																																																								
SMAD4	CNA					Deep Deletion				Deep Deletion														Deep Deletion			Deep Deletion	Deep Deletion						Deep Deletion				Deep Deletion	Deep Deletion						Deep Deletion		Deep Deletion														Deep Deletion	Deep Deletion		Deep Deletion			Deep Deletion	Deep Deletion	Deep Deletion	Deep Deletion														Deep Deletion	Deep Deletion	Deep Deletion	Deep Deletion	Deep Deletion																																																																																	
VIM	CNA																															Amplification																																			Amplification																																																																																																						
TP53	CNA																																																						Deep Deletion																																																																																																																		
CDH1	CNA																																																																																																																																																																								
MAPK3	CNA																																																																																																																																																																								
AKT2	CNA													Amplification									Amplification						Amplification		Amplification								Amplification										Amplification		Amplification																																Amplification																																														Amplification	Amplification	Amplification																Amplification																						
MIR-203/203A	CNA																																																																																																																																																																								
MIR-34/34A	CNA																		Amplification	Amplification		Deep Deletion																				Deep Deletion																														Amplification																																																																																																	
SNAI2	CNA																																													Amplification																																		Amplification				Amplification		Amplification				Amplification																									Amplification																																																						
TP73	CNA																		Amplification	Amplification	Amplification	Deep Deletion																																																		Amplification																																																																																																	
AKT1	CNA																																																																																																																																																			Deep Deletion																					
TP63	CNA																																												Amplification																																							Amplification			Amplification																																																																																		
ZEB2	CNA																		Amplification																																																																																																																																																						
TGFBR1	CNA																																	Deep Deletion								Deep Deletion																																																																												Deep Deletion																																																			
ZEB1	CNA																																																																																																																																																																								
CDKN1A	CNA																																																																																																																																																																								
TWIST1	MUTATIONS																																																																																																																																																																								
SNAI1	MUTATIONS																																																																																																																																																																								
MIR-200A/200A	MUTATIONS																																																																																																																																																																								
DKK1	MUTATIONS																																																																																																																																																																								
CDH2	MUTATIONS																																							Missense Mutation (putative passenger)	Missense Mutation (putative passenger)	Missense Mutation (putative passenger)																																																																																																																															
CTNNB1	MUTATIONS																																							Missense Mutation (putative passenger)							Missense Mutation (putative driver)	Missense Mutation (putative driver)																																																																																																																									
NOTCH1	MUTATIONS									Missense Mutation (putative passenger)																														Missense Mutation (putative driver)																																																																																																																																	
SMAD2	MUTATIONS																																																														Truncating mutation (putative driver)																																																																																																										
SMAD3	MUTATIONS																																Truncating mutation (putative driver)																																																																																																																																								
SMAD4	MUTATIONS										Missense Mutation (putative driver)	Truncating mutation (putative driver)	Inframe Mutation (putative driver)							Truncating mutation (putative driver)						Missense Mutation (putative driver)			Truncating mutation (putative driver)			Truncating mutation (putative driver)			Truncating mutation (putative driver)	Missense Mutation (putative driver)				Missense Mutation (putative driver)										Truncating mutation (putative driver)										Truncating mutation (putative driver)	Truncating mutation (putative driver)	Truncating mutation (putative driver)	Missense Mutation (putative driver)		Truncating mutation (putative driver)						Truncating mutation (putative driver)	Truncating mutation (putative driver)	Truncating mutation (putative driver)	Truncating mutation (putative driver)	Missense Mutation (putative driver)						Truncating mutation (putative driver)								Truncating mutation (putative driver)	Truncating mutation (putative driver)	Truncating mutation (putative driver)	Truncating mutation (putative driver)	Truncating mutation (putative driver)	Truncating mutation (putative driver)	Truncating mutation (putative driver)	Missense Mutation (putative driver)	Missense Mutation (putative driver)	Missense Mutation (putative driver)	Missense Mutation (putative driver)	Missense Mutation (putative driver)	Missense Mutation (putative driver)	Missense Mutation (putative passenger)																																																																			
VIM	MUTATIONS																																																																																																																																																																								
TP53	MUTATIONS		Missense Mutation (putative driver)	Truncating mutation (putative driver)		Truncating mutation (putative driver)	Missense Mutation (putative driver)	Missense Mutation (putative driver)	Missense Mutation (putative driver)	Missense Mutation (putative driver)		Truncating mutation (putative driver)	Missense Mutation (putative driver)	Missense Mutation (putative driver)	Missense Mutation (putative driver)				Missense Mutation (putative driver)	Missense Mutation (putative driver)	Missense Mutation (putative driver)	Truncating mutation (putative driver)	Missense Mutation (putative driver)	Truncating mutation (putative driver)	Truncating mutation (putative driver)		Missense Mutation (putative driver)	Missense Mutation (putative driver)	Missense Mutation (putative driver)	Missense Mutation (putative driver)		Missense Mutation (putative driver)			Missense Mutation (putative driver)	Truncating mutation (putative driver)	Truncating mutation (putative driver)	Truncating mutation (putative driver)	Missense Mutation (putative driver)		Missense Mutation (putative driver)				Missense Mutation (putative driver)	Truncating mutation (putative driver)	Truncating mutation (putative driver)	Truncating mutation (putative driver)	Truncating mutation (putative driver)	Missense Mutation (putative driver)	Missense Mutation (putative driver)	Missense Mutation (putative driver)	Missense Mutation (putative driver)	Missense Mutation (putative driver)						Truncating mutation (putative driver)	Truncating mutation (putative driver)	Truncating mutation (putative driver)		Truncating mutation (putative driver)			Missense Mutation (putative driver)	Truncating mutation (putative driver)	Missense Mutation (putative driver)		Missense Mutation (putative driver)	Missense Mutation (putative driver)		Missense Mutation (putative driver)	Missense Mutation (putative driver)	Missense Mutation (putative driver)	Missense Mutation (putative driver)	Missense Mutation (putative driver)	Missense Mutation (putative driver)			Truncating mutation (putative driver)	Missense Mutation (putative driver)	Missense Mutation (putative driver)	Missense Mutation (putative driver)	Missense Mutation (putative driver)	Missense Mutation (putative driver)		Truncating mutation (putative driver)	Missense Mutation (putative driver)	Missense Mutation (putative driver)					Truncating mutation (putative driver)	Truncating mutation (putative driver)	Missense Mutation (putative driver)	Missense Mutation (putative driver)	Missense Mutation (putative driver)				Truncating mutation (putative driver)	Truncating mutation (putative driver)	Truncating mutation (putative driver)	Truncating mutation (putative driver)	Missense Mutation (putative driver)	Missense Mutation (putative driver)	Missense Mutation (putative driver)	Missense Mutation (putative driver)			Truncating mutation (putative driver)	Truncating mutation (putative driver)	Truncating mutation (putative driver)	Truncating mutation (putative driver)	Truncating mutation (putative driver)	Truncating mutation (putative driver)	Truncating mutation (putative driver)	Truncating mutation (putative driver)	Truncating mutation (putative driver)	Truncating mutation (putative driver)	Truncating mutation (putative driver)	Truncating mutation (putative driver)	Truncating mutation (putative driver)	Inframe Mutation (putative driver)	Missense Mutation (putative driver)	Missense Mutation (putative driver)	Missense Mutation (putative driver)	Missense Mutation (putative driver)	Missense Mutation (putative driver)	Missense Mutation (putative driver)	Missense Mutation (putative driver)	Missense Mutation (putative driver)	Missense Mutation (putative driver)	Missense Mutation (putative driver)	Missense Mutation (putative driver)	Missense Mutation (putative driver)																														
CDH1	MUTATIONS																																							Missense Mutation (putative passenger)																																																																																																																																	
MAPK3	MUTATIONS																																																																																																																																																																								
AKT2	MUTATIONS																																							Missense Mutation (putative passenger)																																																																																																																																	
MIR-203/203A	MUTATIONS																																																																																																																																																																								
MIR-34/34A	MUTATIONS																																																																																																																																																																								
SNAI2	MUTATIONS																																																																																																																																																																								
TP73	MUTATIONS																																																																																																																																																																								
AKT1	MUTATIONS																																																																																																																																																																								
TP63	MUTATIONS																																							Missense Mutation (putative passenger)																																																																																																																																	
ZEB2	MUTATIONS																																							Truncating mutation (putative passenger)																																																																																																														Missense Mutation (putative passenger)																			
TGFBR1	MUTATIONS																																							Missense Mutation (putative passenger)																																																								Missense Mutation (putative passenger)																							Missense Mutation (putative passenger)																																																		
ZEB1	MUTATIONS																		Missense Mutation (putative passenger)																					Missense Mutation (putative passenger)				Missense Mutation (putative passenger)																																																																																																																													
CDKN1A	MUTATIONS																																																																																																																																																																								
TWIST1	MRNA		mRNA High	mRNA High	mRNA High	mRNA High	mRNA High	mRNA High																																																																																																																																																																	
SNAI1	MRNA		mRNA High	mRNA High	mRNA High					mRNA High	mRNA High	mRNA High	mRNA High	mRNA High	mRNA High	mRNA High	mRNA High	mRNA High																																																																																																																																																							
MIR-200A/200A	MRNA																																																																																																																																																																								
DKK1	MRNA								mRNA High															mRNA High	mRNA High	mRNA High	mRNA High	mRNA High	mRNA High	mRNA High	mRNA High																																																																																																																																										
CDH2	MRNA																																										mRNA High	mRNA High	mRNA High	mRNA High																																																																																																																											
CTNNB1	MRNA																																										mRNA Low	mRNA Low					mRNA High	mRNA High	mRNA High	mRNA High	mRNA High	mRNA High	mRNA Low	mRNA Low	mRNA Low	mRNA Low	mRNA Low																																																																																																														
NOTCH1	MRNA										mRNA High																																																	mRNA High																																																																																																													
SMAD2	MRNA					mRNA Low																			mRNA High							mRNA Low	mRNA Low					mRNA Low	mRNA Low								mRNA Low		mRNA Low															mRNA Low	mRNA Low	mRNA Low	mRNA Low	mRNA Low	mRNA Low	mRNA Low	mRNA Low	mRNA Low	mRNA Low	mRNA Low	mRNA Low	mRNA Low	mRNA Low	mRNA Low	mRNA Low	mRNA Low																																																																																									
SMAD3	MRNA																									mRNA High																							mRNA High											mRNA High				mRNA High	mRNA High	mRNA High															mRNA High	mRNA High	mRNA High																																																																																						
SMAD4	MRNA					mRNA Low	mRNA Low			mRNA Low										mRNA Low				mRNA Low			mRNA Low					mRNA Low	mRNA Low	mRNA Low				mRNA Low			mRNA Low				mRNA Low		mRNA Low		mRNA Low						mRNA High	mRNA High				mRNA Low	mRNA Low	mRNA Low		mRNA Low		mRNA Low	mRNA Low	mRNA Low	mRNA Low	mRNA Low	mRNA Low	mRNA Low	mRNA Low		mRNA Low	mRNA Low	mRNA Low							mRNA Low	mRNA Low	mRNA Low	mRNA Low	mRNA Low	mRNA Low	mRNA Low	mRNA Low	mRNA Low											mRNA High	mRNA Low	mRNA Low	mRNA Low	mRNA Low	mRNA Low	mRNA Low	mRNA Low	mRNA Low	mRNA Low																																																									
VIM	MRNA		mRNA High					mRNA High																					mRNA High																																																							mRNA High																													mRNA High																																																								
TP53	MRNA		mRNA High																								mRNA High						mRNA High																																mRNA Low	mRNA High							mRNA High																																																																			mRNA High	mRNA High	mRNA High	mRNA Low																										
CDH1	MRNA		mRNA Low																																																															mRNA High																mRNA High			mRNA High			mRNA High																																								mRNA High																mRNA High	mRNA High																								
MAPK3	MRNA					mRNA High																														mRNA High													mRNA High																						mRNA High		mRNA High	mRNA High	mRNA High	mRNA High							mRNA High																																																									mRNA High			mRNA High	mRNA High		mRNA High																							
AKT2	MRNA						mRNA High				mRNA High			mRNA High									mRNA High						mRNA High		mRNA High	mRNA High				mRNA Low			mRNA High									mRNA High	mRNA High			mRNA High	mRNA High		mRNA High	mRNA Low	mRNA Low																		mRNA High								mRNA High					mRNA High																mRNA High	mRNA Low			mRNA High	mRNA High																				mRNA High	mRNA High	mRNA High	mRNA Low												mRNA High		mRNA Low	mRNA High																						
MIR-203/203A	MRNA																																																																																																																																																																								
MIR-34/34A	MRNA																																																																																																																																																																								
SNAI2	MRNA		mRNA High						mRNA High						mRNA High													mRNA High																		mRNA High					mRNA High	mRNA High		mRNA High						mRNA High																														mRNA High																mRNA High		mRNA High	mRNA High	mRNA High			mRNA High																			mRNA High	mRNA High																																				
TP73	MRNA					mRNA High																					mRNA High		mRNA High			mRNA High																			mRNA High									mRNA High					mRNA High							mRNA High																		mRNA High																	mRNA High																									mRNA High																																					
AKT1	MRNA						mRNA High														mRNA High												mRNA Low						mRNA High				mRNA Low				mRNA High											mRNA High								mRNA Low	mRNA High																										mRNA Low															mRNA High	mRNA High							mRNA Low																								mRNA High						mRNA High																							
TP63	MRNA																										mRNA High			mRNA High		mRNA High										mRNA High									mRNA High									mRNA High																																		mRNA High												mRNA High	mRNA High																									mRNA High															mRNA High	mRNA High	mRNA High																				
ZEB2	MRNA												mRNA High			mRNA High																														mRNA High								mRNA High																																																											mRNA High				mRNA High																	mRNA High																	mRNA High	mRNA High	mRNA High																
TGFBR1	MRNA																														mRNA High						mRNA High																mRNA High	mRNA High																																												mRNA High														mRNA High								mRNA High																																																	
ZEB1	MRNA											mRNA High			mRNA High																						mRNA High													mRNA High				mRNA High																																																											mRNA High							mRNA High																															mRNA High	mRNA High	mRNA High																
CDKN1A	MRNA					mRNA High								mRNA High																	mRNA High					mRNA High																																																																				mRNA High																									mRNA High																																								
TWIST1	PROTEIN																																																																																																																																																																								
SNAI1	PROTEIN																																																																																																																																																																								
MIR-200A/200A	PROTEIN																																																																																																																																																																								
DKK1	PROTEIN																																																																																																																																																																								
CDH2	PROTEIN																																																																																																																																																																								
CTNNB1	PROTEIN																																																																																																																																																																								
NOTCH1	PROTEIN																																																																																																																																																																								
SMAD2	PROTEIN																																																																																																																																																																								
SMAD3	PROTEIN																																																																																																																																																																								
SMAD4	PROTEIN																																																																																																																																																																								
VIM	PROTEIN																																																																																																																																																																								
TP53	PROTEIN																																																																																																																																																																								
CDH1	PROTEIN																																																																																																																																																																								
MAPK3	PROTEIN																																																																																																																																																																								
AKT2	PROTEIN																																																																																																																																																																								
MIR-203/203A	PROTEIN																																																																																																																																																																								
MIR-34/34A	PROTEIN																																																																																																																																																																								
SNAI2	PROTEIN																																																																																																																																																																								
TP73	PROTEIN																																																																																																																																																																								
AKT1	PROTEIN																																																																																																																																																																								
TP63	PROTEIN																																																																																																																																																																								
ZEB2	PROTEIN																																																																																																																																																																								
TGFBR1	PROTEIN																																																																																																																																																																								
ZEB1	PROTEIN																																																																																																																																																																								
CDKN1A	PROTEIN																																																																																																																																																																								
TWIST1	FUSION																																																																																																																																																																								
SNAI1	FUSION																																																																																																																																																																								
MIR-200A/200A	FUSION																																																																																																																																																																								
DKK1	FUSION																																																																																																																																																																								
CDH2	FUSION																															Fusion																																																																																																																																									
CTNNB1	FUSION																																																																																																																																																																								
NOTCH1	FUSION																																																																																																																																																																								
SMAD2	FUSION																																																																																																																																																																								
SMAD3	FUSION																																																																																																																																																																								
SMAD4	FUSION																																																																																																																																																																								
VIM	FUSION																																																																																																																																																																								
TP53	FUSION																																																																																																																																																																								
CDH1	FUSION																																																																																																																																																																								
MAPK3	FUSION																																																																																																																																																																								
AKT2	FUSION																																																																																																																	Fusion																																																							
MIR-203/203A	FUSION																																																																																																																																																																								
MIR-34/34A	FUSION																																																																																																																																																																								
SNAI2	FUSION																																																																																																																																																																								
TP73	FUSION																																																																																																																																																																								
AKT1	FUSION																																																																																																																																																																								
TP63	FUSION																																																																																																																																																																								
ZEB2	FUSION																																																																																																																																																																								
TGFBR1	FUSION																																																																																																																																																																								
ZEB1	FUSION																																																																																																																																																																								
CDKN1A	FUSION																																																																																																																																																																								
