track_name	track_type	TCGA-EJ-8474	TCGA-YL-A8SO	TCGA-G9-6496	TCGA-EJ-5495	TCGA-HC-7213	TCGA-YJ-A8SW	TCGA-EJ-A46G	TCGA-EJ-5531	TCGA-KK-A7AY	TCGA-V1-A9Z8	TCGA-V1-A8X3	TCGA-HI-7168	TCGA-HC-8261	TCGA-KK-A7B0	TCGA-V1-A9OT	TCGA-ZG-A9L1	TCGA-EJ-7318	TCGA-ZG-A9L5	TCGA-V1-A9ZR	TCGA-J9-A52E	TCGA-KK-A7AP	TCGA-XJ-A9DX	TCGA-EJ-7315	TCGA-V1-A8WW	TCGA-EJ-8472	TCGA-G9-6494	TCGA-ZG-A8QY	TCGA-EJ-7783	TCGA-HC-A76W	TCGA-G9-6348	TCGA-CH-5763	TCGA-G9-6498	TCGA-HC-7737	TCGA-J9-A52C	TCGA-ZG-A9L4	TCGA-KK-A6DY	TCGA-KC-A4BL	TCGA-KK-A8I9	TCGA-QU-A6IL	TCGA-4L-AA1F	TCGA-ZG-A9L9	TCGA-KC-A4BR	TCGA-J4-A6G3	TCGA-G9-7510	TCGA-CH-5751	TCGA-X4-A8KQ	TCGA-KK-A7B2	TCGA-HC-A6AS	TCGA-VP-A87E	TCGA-CH-5738	TCGA-CH-5789	TCGA-J4-AATV	TCGA-KK-A8I4	TCGA-V1-A9O7	TCGA-HC-A8D0	TCGA-KK-A6E1	TCGA-V1-A9Z7	TCGA-EJ-5542	TCGA-YL-A8HO	TCGA-HC-7210	TCGA-XK-AAIW	TCGA-KK-A7B3	TCGA-EJ-A46H	TCGA-KK-A8IB	TCGA-KK-A8IL	TCGA-HI-7170	TCGA-KC-A7F6	TCGA-V1-A9ZG	TCGA-EJ-5507	TCGA-HC-8265	TCGA-XK-AAJA	TCGA-HI-7171	TCGA-ZG-A9L2	TCGA-CH-5752	TCGA-TK-A8OK	TCGA-YL-A8SJ	TCGA-FC-7961	TCGA-KK-A6E6	TCGA-YL-A8SL	TCGA-HC-7212	TCGA-EJ-5525	TCGA-EJ-A65D	TCGA-EJ-5494	TCGA-HC-7738	TCGA-HC-8262	TCGA-M7-A722	TCGA-VP-A87H	TCGA-ZG-A9LB	TCGA-KK-A6E7	TCGA-CH-5761	TCGA-EJ-5514	TCGA-CH-5762	TCGA-EJ-5510	TCGA-FC-A5OB	TCGA-XK-AAIR	TCGA-M7-A724	TCGA-QU-A6IM	TCGA-KK-A7AW	TCGA-G9-6338	TCGA-HC-7752	TCGA-KK-A7AU	TCGA-KK-A59V	TCGA-HI-7169	TCGA-KK-A8IF	TCGA-MG-AAMC	TCGA-EJ-A46F	TCGA-G9-6369	TCGA-QU-A6IN	TCGA-G9-6362	TCGA-KK-A8IK	TCGA-X4-A8KS	TCGA-HC-A4ZV	TCGA-HC-7821	TCGA-VN-A88I	TCGA-CH-5753	TCGA-HC-A48F	TCGA-EJ-7781	TCGA-M7-A723	TCGA-HC-7079	TCGA-H9-A6BX	TCGA-CH-5743	TCGA-YL-A8SK	TCGA-CH-5754	TCGA-EJ-AB20	TCGA-ZG-A9L6	TCGA-HC-7209	TCGA-EJ-A46E	TCGA-FC-A8O0	TCGA-CH-5771	TCGA-EJ-A8FP	TCGA-EJ-A7NK	TCGA-EJ-A46I	TCGA-XK-AAJU	TCGA-G9-6379	TCGA-HC-7740	TCGA-HC-7081	TCGA-CH-5744	TCGA-EJ-7330	TCGA-HC-A6HX	TCGA-HC-7078	TCGA-YL-A8SP	TCGA-ZG-A9M4	TCGA-VP-A876	TCGA-J4-A6M7	TCGA-EJ-5499	TCGA-EJ-7785	TCGA-CH-5790	TCGA-ZG-A9KY	TCGA-EJ-5516	TCGA-EJ-5497	TCGA-CH-5764	TCGA-CH-5765	TCGA-EJ-5496	TCGA-EJ-5522	TCGA-EJ-7321	TCGA-EJ-7327	TCGA-G9-6364	TCGA-HC-7744	TCGA-M7-A725	TCGA-KK-A59X	TCGA-V1-A9ZI	TCGA-KC-A7FA	TCGA-XJ-A83F	TCGA-XK-AAIV	TCGA-YL-A8SA	TCGA-V1-A9OL	TCGA-HC-7077	TCGA-Y6-A9XI	TCGA-VN-A88K	TCGA-WW-A8ZI	TCGA-HC-7742	TCGA-2A-A8VT	TCGA-XJ-A83G	TCGA-EJ-5511	TCGA-HC-7820	TCGA-J4-A67N	TCGA-KK-A7AQ	TCGA-YL-A8SR	TCGA-EJ-5524	TCGA-ZG-A9MC	TCGA-G9-6370	TCGA-XJ-A9DI	TCGA-EJ-5506	TCGA-J4-A67Q	TCGA-G9-6347	TCGA-VP-A87C	TCGA-EJ-A7NG	TCGA-FC-A4JI	TCGA-VN-A943	TCGA-J4-A67L	TCGA-EJ-5527	TCGA-EJ-5508	TCGA-KK-A6E3	TCGA-CH-5748	TCGA-EJ-5515	TCGA-HC-7736	TCGA-J4-A83L	TCGA-EJ-5526	TCGA-CH-5772	TCGA-EJ-A65G	TCGA-EJ-5512	TCGA-EJ-8470	TCGA-V1-A8WL	TCGA-ZG-A9LS	TCGA-G9-6329	TCGA-YL-A9WH	TCGA-HC-7230	TCGA-VP-A872	TCGA-G9-A9S0	TCGA-HC-A9TH	TCGA-V1-A9O5	TCGA-YL-A9WY	TCGA-ZG-A9LZ	TCGA-G9-6373	TCGA-ZG-A9N3	TCGA-V1-A8WV	TCGA-KK-A8IH	TCGA-KK-A6E0	TCGA-EJ-A7NM	TCGA-J4-A83M	TCGA-KK-A8IC	TCGA-VN-A88L	TCGA-J9-A8CK	TCGA-YL-A8HK	TCGA-YL-A9WK	TCGA-J4-A67O	TCGA-G9-7523	TCGA-ZG-A9NI	TCGA-TP-A8TT	TCGA-VN-A88Q	TCGA-VP-A87K	TCGA-HC-8216	TCGA-KK-A8IA	TCGA-J4-A67K	TCGA-KK-A6E2	TCGA-KK-A59Y	TCGA-2A-A8VL	TCGA-HC-7231	TCGA-V1-A8WN	TCGA-KK-A7B4	TCGA-HC-A9TE	TCGA-VP-A87D	TCGA-J9-A52B	TCGA-ZG-A9L0	TCGA-EJ-7782	TCGA-YL-A9WX	TCGA-ZG-A9LM	TCGA-YL-A8SB	TCGA-G9-7521	TCGA-HC-8264	TCGA-EJ-A7NH	TCGA-EJ-5521	TCGA-G9-6499	TCGA-HC-A631	TCGA-HC-A632	TCGA-KK-A8IG	TCGA-V1-A8MJ	TCGA-YL-A8HL	TCGA-YL-A8HM	TCGA-G9-6332	TCGA-KK-A7AZ	TCGA-VN-A88M	TCGA-G9-6371	TCGA-HC-A76X	TCGA-KC-A7FD	TCGA-KK-A6E4	TCGA-HC-A8CY	TCGA-YL-A8SC	TCGA-YL-A9WL	TCGA-VP-A879	TCGA-G9-A9S7	TCGA-HC-7232	TCGA-KC-A7F3	TCGA-H9-A6BY	TCGA-HC-A6AO	TCGA-HC-7233	TCGA-VN-A88P	TCGA-G9-6365	TCGA-CH-5769	TCGA-HC-A6AN	TCGA-KK-A59Z	TCGA-KK-A8I8	TCGA-CH-5739	TCGA-G9-6377	TCGA-ZG-A9LU	TCGA-M7-A71Z	TCGA-KK-A8ID	TCGA-XK-AAJP	TCGA-J4-AATZ	TCGA-EJ-A65B	TCGA-G9-6366	TCGA-ZG-A9ND	TCGA-G9-6363	TCGA-G9-6378	TCGA-G9-6361	TCGA-KC-A4BV	TCGA-EJ-7789	TCGA-CH-5767	TCGA-J9-A8CN	TCGA-EJ-8469	TCGA-G9-7509	TCGA-HC-8266	TCGA-V1-A8MM	TCGA-EJ-A8FU	TCGA-FC-A66V	TCGA-XJ-A9DK	TCGA-EJ-5498	TCGA-EJ-A46B	TCGA-V1-A9OA	TCGA-EJ-5503	TCGA-G9-6385	TCGA-HC-7745	TCGA-J4-A67R	TCGA-KK-A8I7	TCGA-ZG-A8QW	TCGA-EJ-5530	TCGA-VN-A88R	TCGA-G9-6343	TCGA-TP-A8TV	TCGA-VP-A87B	TCGA-YL-A9WJ	TCGA-J4-A83I	TCGA-HC-8257	TCGA-CH-5768	TCGA-J4-A83J	TCGA-HC-A6AP	TCGA-G9-6356	TCGA-G9-6367	TCGA-HC-8260	TCGA-2A-A8W1	TCGA-EJ-A65M	TCGA-EJ-5509	TCGA-EJ-7123	TCGA-EJ-7784	TCGA-V1-A9OF	TCGA-V1-A9OX	TCGA-V1-A9Z9	TCGA-XA-A8JR	TCGA-ZG-A8QX	TCGA-J4-A67M	TCGA-EJ-7792	TCGA-YL-A8HJ	TCGA-EJ-7791	TCGA-EJ-8468	TCGA-ZG-A9LN	TCGA-EJ-5504	TCGA-EJ-5517	TCGA-G9-6333	TCGA-KC-A4BN	TCGA-VP-AA1N	TCGA-XJ-A83H	TCGA-2A-A8VO	TCGA-2A-A8VV	TCGA-2A-A8VX	TCGA-2A-A8W3	TCGA-2A-AAYF	TCGA-2A-AAYO	TCGA-2A-AAYU	TCGA-CH-5737	TCGA-CH-5740	TCGA-CH-5741	TCGA-CH-5746	TCGA-CH-5750	TCGA-CH-5766	TCGA-CH-5788	TCGA-CH-5791	TCGA-CH-5792	TCGA-CH-5794	TCGA-EJ-A6RA	TCGA-EJ-A6RC	TCGA-EJ-A7NF	TCGA-EJ-A7NJ	TCGA-EJ-A8FN	TCGA-EJ-A8FO	TCGA-EJ-A8FS	TCGA-EJ-A46D	TCGA-EJ-A65E	TCGA-EJ-A65F	TCGA-EJ-A65J	TCGA-EJ-AB27	TCGA-EJ-5501	TCGA-EJ-5502	TCGA-EJ-5505	TCGA-EJ-5518	TCGA-EJ-5519	TCGA-EJ-5532	TCGA-EJ-7115	TCGA-EJ-7125	TCGA-EJ-7218	TCGA-EJ-7314	TCGA-EJ-7317	TCGA-EJ-7325	TCGA-EJ-7328	TCGA-EJ-7331	TCGA-EJ-7786	TCGA-EJ-7788	TCGA-EJ-7793	TCGA-EJ-7794	TCGA-EJ-7797	TCGA-FC-A6HD	TCGA-FC-7708	TCGA-G9-6336	TCGA-G9-6339	TCGA-G9-6342	TCGA-G9-6351	TCGA-G9-6353	TCGA-G9-6354	TCGA-G9-6384	TCGA-G9-7519	TCGA-G9-7522	TCGA-G9-7525	TCGA-H9-7775	TCGA-HC-A6AL	TCGA-HC-A6AQ	TCGA-HC-A6HY	TCGA-HC-A8D1	TCGA-HC-7075	TCGA-HC-7080	TCGA-HC-7211	TCGA-HC-7747	TCGA-HC-7748	TCGA-HC-7749	TCGA-HC-7750	TCGA-HC-7817	TCGA-HC-7818	TCGA-HC-7819	TCGA-HC-8213	TCGA-HC-8256	TCGA-HC-8258	TCGA-HC-8259	TCGA-J4-A6G1	TCGA-J4-AAU2	TCGA-J4-A67S	TCGA-J4-A67T	TCGA-J4-A83K	TCGA-J4-A83N	TCGA-J4-8198	TCGA-J4-8200	TCGA-J9-A8CL	TCGA-J9-A8CM	TCGA-J9-A8CP	TCGA-KC-A7FE	TCGA-KK-A6E5	TCGA-KK-A6E8	TCGA-KK-A7AV	TCGA-KK-A7B1	TCGA-KK-A8I5	TCGA-KK-A8I6	TCGA-KK-A8II	TCGA-KK-A8IJ	TCGA-KK-A8IM	TCGA-M7-A71Y	TCGA-M7-A720	TCGA-M7-A721	TCGA-QU-A6IO	TCGA-QU-A6IP	TCGA-SU-A7E7	TCGA-V1-A8MF	TCGA-V1-A8MG	TCGA-V1-A8MK	TCGA-V1-A8ML	TCGA-V1-A8MU	TCGA-V1-A8WS	TCGA-V1-A9O9	TCGA-V1-A9OH	TCGA-V1-A9OQ	TCGA-V1-A9OY	TCGA-V1-A9ZK	TCGA-VN-A88N	TCGA-VN-A88O	TCGA-VP-A87J	TCGA-VP-A875	TCGA-VP-A878	TCGA-XJ-A9DQ	TCGA-XK-AAJR	TCGA-XK-AAJT	TCGA-XQ-A8TA	TCGA-XQ-A8TB	TCGA-Y6-A8TL	TCGA-YL-A8S8	TCGA-YL-A8S9	TCGA-YL-A8SF	TCGA-YL-A8SH	TCGA-YL-A8SI	TCGA-YL-A8SQ	TCGA-YL-A9WI	TCGA-ZG-A8QZ	TCGA-ZG-A9LY
TWIST1	CNA	Amplification	Amplification	Amplification	Amplification	Amplification	Amplification	Amplification	Amplification	Deep Deletion	Deep Deletion	Deep Deletion																																																																																																																																																																																																																																																																																																																																																																																																																																																																																													
SNAI1	CNA																						Amplification	Amplification	Amplification	Amplification	Amplification	Amplification																																																																																																																																																																																																																																																																																																																																																																																																																																																																													
MIR-200A/200A	CNA																						Amplification																																	Amplification																																																																																																																																																																																																																																																																																																																																																																																																																																																	
DKK1	CNA																																																								Amplification	Deep Deletion	Deep Deletion	Deep Deletion	Deep Deletion																																																																																																																																																																																																																																																																																																																																																																																																																																												
CDH2	CNA																																																																					Amplification	Amplification	Deep Deletion																																																																																																																																																																																																																																																																																																																																																																																																																																	
CTNNB1	CNA																														Deep Deletion																																											Amplification																																																																																																																																																																																																																																																																																																																																																																																																																															
NOTCH1	CNA																																																																																																																Amplification	Amplification	Amplification	Amplification	Amplification																																																																																																																																																																																																																																																																																																																																																																																				
SMAD2	CNA																						Amplification																																																	Deep Deletion																																																																																																																																																																																																																																																																																																																																																																																																																																	
SMAD3	CNA																																																																																																																																																																																																																																																																																																																																																																																																																																																																																																								
SMAD4	CNA																																																																							Deep Deletion																																																																																																																							Deep Deletion																																																																																																																																																																																																																																																																																																										
VIM	CNA																																																								Amplification														Amplification																																																																																																																																																					Amplification	Deep Deletion																																																																																																																																																																																																																																																																												
TP53	CNA	Deep Deletion								Deep Deletion						Deep Deletion		Deep Deletion	Deep Deletion						Deep Deletion					Deep Deletion																																				Deep Deletion																																																			Deep Deletion																									Deep Deletion																																																	Deep Deletion	Deep Deletion																															Deep Deletion										Deep Deletion	Deep Deletion	Deep Deletion	Deep Deletion	Deep Deletion	Deep Deletion	Deep Deletion	Deep Deletion																																																																																																																																																																																																																																																									
CDH1	CNA																																							Deep Deletion						Deep Deletion																							Deep Deletion																																												Deep Deletion																																		Deep Deletion																																														Amplification																							Deep Deletion																			Deep Deletion	Deep Deletion																																			Deep Deletion		Amplification	Deep Deletion	Deep Deletion	Deep Deletion	Deep Deletion	Deep Deletion																																																																																																																																																																																																																			
MAPK3	CNA																																																																																								Deep Deletion																																																																																																																																															Amplification															Amplification																										Amplification											Amplification	Deep Deletion																																																																																																																																																																																																												
AKT2	CNA																																																																																																				Deep Deletion																																																																																																																																																																																											Amplification																																																																																																																																																																																																									
MIR-203/203A	CNA							Deep Deletion																	Amplification																																																																																																																																																																																									Amplification																																																																											Deep Deletion																																																																																																																																																																																																												
MIR-34/34A	CNA																																																							Amplification																																																																																																																																																																																																																																																Deep Deletion																																																																																																																																																																																																	
SNAI2	CNA														Deep Deletion												Amplification																															Amplification																															Amplification																											Amplification														Deep Deletion																														Amplification																													Amplification																					Amplification																								Amplification			Deep Deletion				Amplification																				Amplification	Amplification	Amplification																					Amplification													Amplification	Amplification	Amplification	Amplification	Amplification	Amplification	Amplification	Amplification																																																																																																																																																																																									
TP73	CNA																						Amplification																																	Amplification																																																																																																																																																																																																																																																																																																																																																																																																																																																	
AKT1	CNA							Deep Deletion																	Amplification																																																																																																																																																																																									Amplification																																																																											Deep Deletion																																																																																																																																																																																																												
TP63	CNA										Amplification												Amplification																			Amplification															Amplification		Deep Deletion												Amplification					Amplification																																																																											Deep Deletion																																																																																						Deep Deletion	Deep Deletion																																																																																Deep Deletion						Deep Deletion	Deep Deletion																																																																																																																																																																				
ZEB2	CNA														Deep Deletion								Amplification																						Deep Deletion																Deep Deletion																																					Deep Deletion																																																																												Deep Deletion																					Deep Deletion																																												Deep Deletion																																																																																					Deep Deletion			Deep Deletion				Deep Deletion	Deep Deletion	Deep Deletion	Deep Deletion	Deep Deletion	Deep Deletion	Deep Deletion	Deep Deletion	Deep Deletion	Deep Deletion																																																																																																																																																					
TGFBR1	CNA							Amplification																																																																																																										Amplification	Amplification		Amplification																																																																																																																																																																																																																																																																																																																																																																																				
ZEB1	CNA																																																								Amplification																																																																																																																																																																																																																																																																					Deep Deletion																																																																																																																																																																											
CDKN1A	CNA																																																																																																																																																																																																						Deep Deletion																																																																																																																																																																																																																																																																																																		
TWIST1	MUTATIONS																																																																																																																																																																																																																																																																																																																																																																																																																																																																																																								
SNAI1	MUTATIONS																												Missense Mutation (putative passenger)																																																																																																																																																																																																																																																																																																																																																																																																																																																																												
MIR-200A/200A	MUTATIONS																																																																																																																																																																																																																																																																																																																																																																																																																																																																																																								
DKK1	MUTATIONS																													Missense Mutation (putative passenger)																																Missense Mutation (putative passenger)	Missense Mutation (putative passenger)																																																																																																																																																																																																																																																																																																																																																																																																																																										
CDH2	MUTATIONS																																																																								Missense Mutation (putative passenger)																																																																																																																																																																																																																																																																																																																																																																																																																																
CTNNB1	MUTATIONS																																				Missense Mutation (putative passenger)																									Missense Mutation (putative passenger)																			Missense Mutation (putative driver)	Missense Mutation (putative driver)	Missense Mutation (putative driver)	Missense Mutation (putative driver)	Missense Mutation (putative driver)	Missense Mutation (putative driver)	Missense Mutation (putative driver)	Missense Mutation (putative driver)	Missense Mutation (putative passenger)																																																																																																																																																																																																																																																																																																																																																																																																																
NOTCH1	MUTATIONS																																																													Missense Mutation (putative passenger)																																																								Missense Mutation (putative passenger)	Missense Mutation (putative passenger)																																																																																																																																																																																																																																																																																																																																																																																		
SMAD2	MUTATIONS									Truncating mutation (putative driver)																																																																																																																																			Missense Mutation (putative passenger)																																																																																																																																																																																																																																																																																																																																																												
SMAD3	MUTATIONS																																																																																																																																																																																			Missense Mutation (putative passenger)																																																																																																																																																																																																																																																																																																																					
SMAD4	MUTATIONS																							Missense Mutation (putative driver)																																						Missense Mutation (putative passenger)																				Missense Mutation (putative passenger)																																																																														Missense Mutation (putative driver)	Missense Mutation (putative driver)																																																																																																																																																																																																																																																																																																																																								
VIM	MUTATIONS																																																													Missense Mutation (putative passenger)																																																																																																																																																																																																																																																																																																																																																																																																																																											
TP53	MUTATIONS					Truncating mutation (putative driver)											Missense Mutation (putative driver)							Missense Mutation (putative driver)		Missense Mutation (putative driver)											Missense Mutation (putative driver)								Missense Mutation (putative driver)													Truncating mutation (putative driver)				Missense Mutation (putative passenger)						Truncating mutation (putative driver)		Missense Mutation (putative driver)			Missense Mutation (putative driver)				Truncating mutation (putative driver)					Truncating mutation (putative driver)							Missense Mutation (putative driver)		Missense Mutation (putative driver)	Missense Mutation (putative driver)										Truncating mutation (putative driver)															Missense Mutation (putative driver)	Truncating mutation (putative driver)																									Truncating mutation (putative driver)	Missense Mutation (putative driver)																		Truncating mutation (putative driver)	Truncating mutation (putative driver)									Truncating mutation (putative driver)	Truncating mutation (putative driver)																		Missense Mutation (putative driver)																Missense Mutation (putative driver)	Missense Mutation (putative driver)	Missense Mutation (putative driver)	Missense Mutation (putative driver)	Missense Mutation (putative driver)	Missense Mutation (putative driver)	Missense Mutation (putative driver)											Missense Mutation (putative driver)	Missense Mutation (putative driver)	Missense Mutation (putative driver)							Missense Mutation (putative driver)								Truncating mutation (putative driver)	Truncating mutation (putative driver)	Truncating mutation (putative driver)	Truncating mutation (putative driver)	Truncating mutation (putative driver)	Missense Mutation (putative driver)	Missense Mutation (putative driver)	Missense Mutation (putative driver)	Missense Mutation (putative driver)	Missense Mutation (putative driver)	Missense Mutation (putative driver)	Missense Mutation (putative driver)	Missense Mutation (putative driver)	Missense Mutation (putative driver)	Missense Mutation (putative driver)	Missense Mutation (putative driver)	Missense Mutation (putative driver)	Missense Mutation (putative driver)	Missense Mutation (putative driver)	Missense Mutation (putative driver)																																																																																																																																																																																																																																					
CDH1	MUTATIONS																																																																																																																																																																																																																																																					Missense Mutation (putative passenger)																																	Missense Mutation (putative passenger)																																																																																																																																																																																																																		
MAPK3	MUTATIONS																																																																																																																																																																																																																																																																																																																																																																																																																																																																																																								
AKT2	MUTATIONS																																																																																																																																																																																																																																																																																																																																																																																																																																																																																																								
MIR-203/203A	MUTATIONS																																																																																																																																																																																																																																																																																																																																																																																																																																																																																																								
MIR-34/34A	MUTATIONS																																																																																																																																																																																																																																																																																																																																																																																																																																																																																																								
SNAI2	MUTATIONS																																																																																																																																																																																																																																																																																																																																																																																																																																																																																																								
TP73	MUTATIONS																																																													Missense Mutation (putative passenger)																																																																																																																																																																																																																																																																																																																																																																																																																																											
AKT1	MUTATIONS																								Missense Mutation (putative driver)																																																																																																																																																																																																				Missense Mutation (putative driver)																																																																																																Missense Mutation (putative driver)																																																																																																																																																																												
TP63	MUTATIONS																																																													Missense Mutation (putative passenger)																																																																																																																																																																																																																																																																								Truncating mutation (putative driver)	Missense Mutation (putative passenger)																																																																																																																																																																		
ZEB2	MUTATIONS																																									Missense Mutation (putative passenger)																																																																																																																																																																																																																																																																																																											Missense Mutation (putative passenger)																																																																																																																																																				
TGFBR1	MUTATIONS																																																																																																																																																																							Missense Mutation (putative passenger)																																																																																																																				Missense Mutation (putative passenger)																																																																																																																																																																																																													
ZEB1	MUTATIONS																																																Truncating mutation (putative passenger)													Truncating mutation (putative passenger)																																				Missense Mutation (putative passenger)																				Missense Mutation (putative passenger)																																																																																																							Missense Mutation (putative passenger)																																																																																																																																																																																																																																																																												
CDKN1A	MUTATIONS																																																																																																						Missense Mutation (putative passenger)																																																																																																																																																																																																																																Missense Mutation (putative passenger)																																																																																																																																																																		
TWIST1	MRNA	mRNA High	mRNA High										mRNA High	mRNA High	mRNA High	mRNA High	mRNA High	mRNA High	mRNA High	mRNA High	mRNA High	mRNA High																																																																																																																																																																																																																																																																																																																																																																																																																																																																																			
SNAI1	MRNA												mRNA High																	mRNA High	mRNA High	mRNA High	mRNA High	mRNA High	mRNA High	mRNA High	mRNA High	mRNA High	mRNA High	mRNA High	mRNA High	mRNA High	mRNA High	mRNA High	mRNA High	mRNA High	mRNA High	mRNA High	mRNA High	mRNA High	mRNA High	mRNA High	mRNA High	mRNA High	mRNA High																																																																																																																																																																																																																																																																																																																																																																																																																																																		
MIR-200A/200A	MRNA																																																																																																																																																																																																																																																																																																																																																																																																																																																																																																								
DKK1	MRNA																														mRNA High	mRNA High	mRNA High	mRNA High	mRNA High	mRNA High																												mRNA High	mRNA High	mRNA High	mRNA High	mRNA High	mRNA High																																																																																																																																																																																																																																																																																																																																																																																																																																				
CDH2	MRNA													mRNA High																																												mRNA High												mRNA High				mRNA High	mRNA High	mRNA High	mRNA High	mRNA High	mRNA High	mRNA High																																																																																																																																																																																																																																																																																																																																																																																																																									
CTNNB1	MRNA			mRNA Low											mRNA Low	mRNA Low							mRNA Low									mRNA High																																						mRNA High																				mRNA High	mRNA High	mRNA High	mRNA High	mRNA High	mRNA High	mRNA High	mRNA Low	mRNA Low	mRNA Low	mRNA Low	mRNA Low	mRNA Low	mRNA Low	mRNA Low	mRNA Low	mRNA Low	mRNA Low	mRNA Low	mRNA Low	mRNA Low	mRNA Low	mRNA Low																																																																																																																																																																																																																																																																																																																																																																																									
NOTCH1	MRNA				mRNA High																																	mRNA High																										mRNA High																																																								mRNA High	mRNA High	mRNA High	mRNA High	mRNA High	mRNA High	mRNA High	mRNA High	mRNA High	mRNA High	mRNA High	mRNA High	mRNA High	mRNA High	mRNA High	mRNA High	mRNA High	mRNA High	mRNA High	mRNA High	mRNA High																																																																																																																																																																																																																																																																																																																																																													
SMAD2	MRNA																mRNA High																																										mRNA High						mRNA Low							mRNA Low	mRNA High		mRNA High						mRNA High																mRNA Low	mRNA Low	mRNA Low														mRNA Low	mRNA Low																												mRNA High	mRNA High	mRNA High	mRNA High	mRNA High	mRNA High	mRNA High	mRNA High	mRNA High	mRNA High	mRNA High	mRNA High	mRNA High	mRNA High	mRNA High	mRNA High	mRNA High	mRNA High	mRNA Low	mRNA Low	mRNA Low	mRNA Low	mRNA Low	mRNA Low	mRNA Low	mRNA Low	mRNA Low	mRNA Low	mRNA Low	mRNA Low	mRNA Low	mRNA Low	mRNA Low	mRNA Low	mRNA Low	mRNA Low	mRNA Low	mRNA Low																																																																																																																																																																																																																																																																																																																						
SMAD3	MRNA																																						mRNA High																									mRNA High		mRNA High																																		mRNA High															mRNA High					mRNA High	mRNA High	mRNA High	mRNA High																																																										mRNA High	mRNA High	mRNA High	mRNA High	mRNA High	mRNA High	mRNA High	mRNA High	mRNA Low	mRNA Low																																																																																																																																																																																																																																																																																																											
SMAD4	MRNA			mRNA Low		mRNA Low							mRNA Low		mRNA Low		mRNA High							mRNA Low	mRNA Low															mRNA High	mRNA Low	mRNA Low															mRNA Low								mRNA Low					mRNA Low																				mRNA Low							mRNA Low				mRNA Low												mRNA Low			mRNA High		mRNA High						mRNA Low																																				mRNA Low	mRNA Low	mRNA Low	mRNA Low	mRNA Low	mRNA Low	mRNA Low	mRNA Low	mRNA Low	mRNA Low	mRNA Low																					mRNA Low	mRNA High	mRNA High	mRNA High	mRNA High	mRNA High	mRNA High	mRNA High	mRNA High	mRNA High	mRNA High	mRNA High	mRNA High	mRNA High	mRNA Low	mRNA Low	mRNA Low	mRNA Low	mRNA Low	mRNA Low	mRNA Low	mRNA Low	mRNA Low	mRNA Low	mRNA Low	mRNA Low	mRNA Low	mRNA Low	mRNA Low																																																																																																																																																																																																																																																																														
VIM	MRNA												mRNA High												mRNA High																mRNA High		mRNA High	mRNA High														mRNA High		mRNA High							mRNA High									mRNA High																																							mRNA High										mRNA High	mRNA High																																																																															mRNA High																	mRNA High	mRNA High	mRNA High	mRNA High	mRNA High	mRNA High	mRNA High	mRNA High	mRNA High	mRNA High																																																																																																																																																																																																																																																																		
TP53	MRNA			mRNA High																						mRNA High				mRNA Low												mRNA Low	mRNA Low			mRNA Low	mRNA Low										mRNA Low	mRNA Low				mRNA High	mRNA High					mRNA Low							mRNA High		mRNA Low					mRNA Low	mRNA High	mRNA High						mRNA Low												mRNA Low												mRNA Low				mRNA Low						mRNA Low																		mRNA Low	mRNA Low		mRNA High	mRNA High																mRNA Low	mRNA Low	mRNA High	mRNA Low							mRNA Low																																										mRNA High	mRNA Low							mRNA Low					mRNA Low					mRNA Low		mRNA Low							mRNA Low	mRNA Low	mRNA Low																		mRNA High	mRNA High	mRNA High	mRNA High	mRNA High	mRNA High	mRNA High	mRNA Low	mRNA Low	mRNA Low																																																																																																																																																																																																																											
CDH1	MRNA		mRNA Low		mRNA Low												mRNA Low																							mRNA Low						mRNA Low																								mRNA High						mRNA Low															mRNA High												mRNA Low	mRNA Low	mRNA Low								mRNA Low		mRNA Low										mRNA Low		mRNA High																		mRNA High			mRNA High												mRNA High		mRNA Low				mRNA High															mRNA Low																										mRNA High	mRNA High								mRNA Low												mRNA Low																																											mRNA Low		mRNA High							mRNA High	mRNA High	mRNA Low	mRNA Low																																																																																																																																																																																																														
MAPK3	MRNA					mRNA High									mRNA High					mRNA High						mRNA Low																																						mRNA High									mRNA Low																																	mRNA Low									mRNA High										mRNA High			mRNA High																																																					mRNA High	mRNA High												mRNA High													mRNA High		mRNA High								mRNA High												mRNA High															mRNA High				mRNA High																				mRNA Low																		mRNA High	mRNA High																																																																																																																																																																																																										
AKT2	MRNA						mRNA High																																							mRNA Low																										mRNA High																				mRNA Low					mRNA High					mRNA High	mRNA Low				mRNA Low												mRNA Low										mRNA High														mRNA Low						mRNA High	mRNA Low												mRNA High					mRNA High				mRNA High		mRNA High																																					mRNA High																	mRNA Low																					mRNA Low																					mRNA High																			mRNA High	mRNA High	mRNA High	mRNA High	mRNA High	mRNA High	mRNA Low	mRNA Low																																																																																																																																																																																																		
MIR-203/203A	MRNA																																																																																																																																																																																																																																																																																																																																																																																																																																																																																																								
MIR-34/34A	MRNA																																																																																																																																																																																																																																																																																																																																																																																																																																																																																																								
SNAI2	MRNA																																															mRNA High																mRNA High			mRNA High																																																										mRNA High						mRNA High																																																			mRNA High	mRNA High																																													mRNA High																																																																													mRNA High	mRNA High	mRNA High	mRNA High	mRNA High	mRNA High																																																																																																																																																																																			
TP73	MRNA							mRNA High																																				mRNA High																																																																							mRNA High					mRNA High	mRNA High				mRNA High			mRNA High	mRNA High		mRNA High	mRNA High	mRNA High	mRNA High															mRNA High																																																																																																				mRNA High																																					mRNA High																			mRNA High						mRNA High	mRNA High	mRNA High	mRNA High	mRNA High	mRNA High																																																																																																																																																																													
AKT1	MRNA		mRNA High	mRNA High													mRNA High						mRNA High		mRNA High																																																																	mRNA High											mRNA High							mRNA High	mRNA Low				mRNA High																																																						mRNA High	mRNA High	mRNA High		mRNA High																																							mRNA High								mRNA Low				mRNA Low								mRNA Low																																																				mRNA High							mRNA High																													mRNA High	mRNA High	mRNA High	mRNA High	mRNA High	mRNA Low																																																																																																																																																																						
TP63	MRNA																																					mRNA High																										mRNA High																																																								mRNA High		mRNA High						mRNA High	mRNA High		mRNA High	mRNA High			mRNA High	mRNA High																																														mRNA High	mRNA High	mRNA High																																																																																																						mRNA High																				mRNA High	mRNA High				mRNA High	mRNA High	mRNA High															mRNA High	mRNA High	mRNA High																																																																																																																																																															
ZEB2	MRNA				mRNA High																																				mRNA High					mRNA High														mRNA High				mRNA High												mRNA High																																							mRNA High					mRNA High			mRNA High		mRNA High	mRNA High											mRNA High								mRNA High																																								mRNA High									mRNA High																																		mRNA High																					mRNA High																														mRNA High																		mRNA High											mRNA High																																		mRNA High	mRNA High	mRNA High	mRNA High																																																																																																																																																
TGFBR1	MRNA				mRNA High								mRNA High																			mRNA High	mRNA High								mRNA High																																			mRNA High						mRNA High										mRNA High					mRNA Low										mRNA Low									mRNA High	mRNA High																																																																				mRNA High											mRNA High	mRNA High	mRNA High							mRNA High											mRNA High																										mRNA High								mRNA High																																					mRNA Low			mRNA High								mRNA High																																																mRNA High	mRNA High	mRNA High																																																																																																																																													
ZEB1	MRNA																															mRNA High									mRNA High		mRNA High							mRNA High																								mRNA High		mRNA High																								mRNA High				mRNA High											mRNA High																						mRNA High																																																mRNA High	mRNA High	mRNA High																		mRNA High																							mRNA High																							mRNA High																																																																																											mRNA High	mRNA High																																																																																																																																																		
CDKN1A	MRNA																															mRNA High	mRNA High	mRNA High	mRNA High					mRNA High			mRNA High							mRNA High											mRNA High																												mRNA High																																																	mRNA High																							mRNA High																																																																																																																	mRNA High											mRNA High														mRNA High	mRNA High																																														mRNA High			mRNA High	mRNA High	mRNA High	mRNA High																																																																																																																																									
TWIST1	PROTEIN																																																																																																																																																																																																																																																																																																																																																																																																																																																																																																								
SNAI1	PROTEIN																																																																																																																																																																																																																																																																																																																																																																																																																																																																																																								
MIR-200A/200A	PROTEIN																																																																																																																																																																																																																																																																																																																																																																																																																																																																																																								
DKK1	PROTEIN																																																																																																																																																																																																																																																																																																																																																																																																																																																																																																								
CDH2	PROTEIN																																																																																																																																																																																																																																																																																																																																																																																																																																																																																																								
CTNNB1	PROTEIN																																																																																																																																																																																																																																																																																																																																																																																																																																																																																																								
NOTCH1	PROTEIN																																																																																																																																																																																																																																																																																																																																																																																																																																																																																																								
SMAD2	PROTEIN																																																																																																																																																																																																																																																																																																																																																																																																																																																																																																								
SMAD3	PROTEIN																																																																																																																																																																																																																																																																																																																																																																																																																																																																																																								
SMAD4	PROTEIN																																																																																																																																																																																																																																																																																																																																																																																																																																																																																																								
VIM	PROTEIN																																																																																																																																																																																																																																																																																																																																																																																																																																																																																																								
TP53	PROTEIN																																																																																																																																																																																																																																																																																																																																																																																																																																																																																																								
CDH1	PROTEIN																																																																																																																																																																																																																																																																																																																																																																																																																																																																																																								
MAPK3	PROTEIN																																																																																																																																																																																																																																																																																																																																																																																																																																																																																																								
AKT2	PROTEIN																																																																																																																																																																																																																																																																																																																																																																																																																																																																																																								
MIR-203/203A	PROTEIN																																																																																																																																																																																																																																																																																																																																																																																																																																																																																																								
MIR-34/34A	PROTEIN																																																																																																																																																																																																																																																																																																																																																																																																																																																																																																								
SNAI2	PROTEIN																																																																																																																																																																																																																																																																																																																																																																																																																																																																																																								
TP73	PROTEIN																																																																																																																																																																																																																																																																																																																																																																																																																																																																																																								
AKT1	PROTEIN																																																																																																																																																																																																																																																																																																																																																																																																																																																																																																								
TP63	PROTEIN																																																																																																																																																																																																																																																																																																																																																																																																																																																																																																								
ZEB2	PROTEIN																																																																																																																																																																																																																																																																																																																																																																																																																																																																																																								
TGFBR1	PROTEIN																																																																																																																																																																																																																																																																																																																																																																																																																																																																																																								
ZEB1	PROTEIN																																																																																																																																																																																																																																																																																																																																																																																																																																																																																																								
CDKN1A	PROTEIN																																																																																																																																																																																																																																																																																																																																																																																																																																																																																																								
TWIST1	FUSION																																																																																																																																																																																																																																																																																																																																																																																																																																																																																																								
SNAI1	FUSION																																																																																																																																																																																																																																																																																																																																																																																																																																																																																																								
MIR-200A/200A	FUSION																																																																																																																																																																																																																																																																																																																																																																																																																																																																																																								
DKK1	FUSION																																																																																																																																																																																																																																																																																																																																																																																																																																																																																																								
CDH2	FUSION																																																																																																																																																																																																																																																																																																																																																																																																																																																																																																								
CTNNB1	FUSION																																																																																																																																																																																																																																																																																																																																																																																																																																																																																																								
NOTCH1	FUSION																																																																																																																																																																																																																																																																																																																																																																																																																																																																																																								
SMAD2	FUSION																																																																																																																																																																																																																																																																																																																																																																																																																																																																																																								
SMAD3	FUSION																																																																																																																																																																																																																																																																																																																																																																																																																																																																																																								
SMAD4	FUSION																																																																																																																																																																																														Fusion																																																																																																																																																																																																																																																																																																										
VIM	FUSION																																																																																																																																																																																																																																																																																																																																																																																																																																																																																																								
TP53	FUSION																																																																																	Fusion																																			Fusion																																																						Fusion																																			Fusion																Fusion										Fusion																																																																																																																																																																																																																																																																	
CDH1	FUSION																																																																																																																																																																																																																																																																														Fusion	Fusion																																																																																																																																																																																																																									
MAPK3	FUSION																																																																																																																																																																																																																																																																																																																																																																																																																																																																																																								
AKT2	FUSION																																																																																																																																																																																																																																																																																																																																																																																																																																																																																																								
MIR-203/203A	FUSION																																																																																																																																																																																																																																																																																																																																																																																																																																																																																																								
MIR-34/34A	FUSION																																																																																																																																																																																																																																																																																																																																																																																																																																																																																																								
SNAI2	FUSION																																																																																																																																																																																																																																																																																																																																																																																																																																																																																																								
TP73	FUSION																																																																																																																																																																																																																																																																																																																																																																																																																																																																																																								
AKT1	FUSION																																																																																																																																																																																																																																																																																																																																																																																																																																																																																																								
TP63	FUSION																																																																																																																																																																																																																																																																																																																																																																																																																																																																																																								
ZEB2	FUSION																																																																																																																																																																																																																																																																																																																																																																																																																																																																																																								
TGFBR1	FUSION																																																																																																																																																																																																																																																																																																																																																																																																																																																																																																								
ZEB1	FUSION																																																																																																																																																																																																																																																																																																																																																																																																																																																																																																								
CDKN1A	FUSION																																																																																																																																																																																																																																																																																																																																																																																																																																																																																																								
