track_name	track_type	TCGA-D6-A6EP	TCGA-QK-A6IH	TCGA-CX-7219	TCGA-HD-7229	TCGA-BA-A6DE	TCGA-F7-A622	TCGA-BA-6872	TCGA-CV-A45X	TCGA-CV-7178	TCGA-CV-6961	TCGA-IQ-A61O	TCGA-HD-7831	TCGA-CR-6474	TCGA-CV-7235	TCGA-CN-4728	TCGA-BA-A6DG	TCGA-CR-7397	TCGA-QK-A8Z9	TCGA-P3-A6T8	TCGA-DQ-5624	TCGA-KU-A66S	TCGA-RS-A6TO	TCGA-QK-AA3K	TCGA-CR-6470	TCGA-CN-6019	TCGA-UF-A7JA	TCGA-CR-7386	TCGA-UF-A7JJ	TCGA-CV-7421	TCGA-CQ-7072	TCGA-CV-A6JE	TCGA-H7-A76A	TCGA-QK-A6V9	TCGA-T2-A6WZ	TCGA-MT-A7BN	TCGA-CN-6018	TCGA-CN-6989	TCGA-BA-4074	TCGA-UF-A7JD	TCGA-BB-8596	TCGA-CR-7376	TCGA-CN-6016	TCGA-DQ-7591	TCGA-CV-6934	TCGA-CN-5370	TCGA-CN-4740	TCGA-CV-5444	TCGA-DQ-5630	TCGA-UF-A7JH	TCGA-CV-7254	TCGA-D6-8568	TCGA-CN-6017	TCGA-BA-6871	TCGA-F7-A623	TCGA-HD-A6I0	TCGA-CR-7370	TCGA-CN-A63U	TCGA-CV-7425	TCGA-CV-7407	TCGA-HD-7753	TCGA-CN-5359	TCGA-CQ-6228	TCGA-BA-5152	TCGA-CV-5973	TCGA-CV-7101	TCGA-BA-4076	TCGA-CV-5442	TCGA-CV-5966	TCGA-CQ-5330	TCGA-CV-6441	TCGA-F7-A624	TCGA-BA-6873	TCGA-CV-7089	TCGA-BA-6868	TCGA-CV-7242	TCGA-4P-AA8J	TCGA-IQ-A6SH	TCGA-CV-7429	TCGA-CN-4731	TCGA-HD-A633	TCGA-BB-A5HY	TCGA-BB-4217	TCGA-CN-6997	TCGA-CV-6960	TCGA-CQ-A4CD	TCGA-P3-A6T2	TCGA-CQ-A4CB	TCGA-F7-8489	TCGA-D6-6826	TCGA-CN-A49B	TCGA-BB-4224	TCGA-CV-6937	TCGA-CQ-6229	TCGA-CN-6024	TCGA-CV-A464	TCGA-CN-6023	TCGA-MT-A51X	TCGA-CN-6011	TCGA-T2-A6X0	TCGA-CN-6992	TCGA-CR-7398	TCGA-CV-A6JD	TCGA-CR-7382	TCGA-P3-A5QA	TCGA-DQ-5631	TCGA-CR-6480	TCGA-D6-6516	TCGA-CV-6938	TCGA-P3-A6SW	TCGA-UF-A7JV	TCGA-CQ-5324	TCGA-QK-A6IF	TCGA-CR-7399	TCGA-CV-A6JO	TCGA-CN-A498	TCGA-HD-7832	TCGA-CV-7432	TCGA-UP-A6WW	TCGA-MT-A67A	TCGA-BA-A6DJ	TCGA-QK-A8ZA	TCGA-CV-6436	TCGA-CQ-7065	TCGA-CQ-5327	TCGA-CV-A6K1	TCGA-CV-7427	TCGA-CR-7365	TCGA-IQ-A61E	TCGA-CV-7238	TCGA-CN-5355	TCGA-CN-5363	TCGA-CR-7377	TCGA-CV-6942	TCGA-BA-A6D8	TCGA-CQ-5334	TCGA-BA-A4IF	TCGA-QK-A6II	TCGA-CR-7390	TCGA-QK-A8Z8	TCGA-QK-A652	TCGA-CV-7411	TCGA-CV-5441	TCGA-CV-6955	TCGA-D6-A6EK	TCGA-BA-5149	TCGA-TN-A7HL	TCGA-CN-5369	TCGA-CR-7394	TCGA-T2-A6X2	TCGA-CN-6021	TCGA-CV-A6JM	TCGA-BB-4225	TCGA-CQ-A4C6	TCGA-CQ-5329	TCGA-F7-A50I	TCGA-CV-7433	TCGA-CQ-5333	TCGA-CV-7236	TCGA-CR-6492	TCGA-CX-7085	TCGA-CR-5243	TCGA-D6-A6EN	TCGA-QK-A8Z7	TCGA-CV-5436	TCGA-CN-6994	TCGA-HD-8635	TCGA-CN-4723	TCGA-BA-A6DA	TCGA-CR-6481	TCGA-CV-A6JY	TCGA-CN-4742	TCGA-CN-A63W	TCGA-CV-6959	TCGA-CV-5439	TCGA-CV-6962	TCGA-CR-7379	TCGA-CN-4736	TCGA-CN-4729	TCGA-CR-7380	TCGA-CV-A463	TCGA-CV-7099	TCGA-DQ-5625	TCGA-CQ-7071	TCGA-CR-7395	TCGA-CV-5971	TCGA-MT-A67D	TCGA-CV-A45V	TCGA-QK-A64Z	TCGA-CR-6467	TCGA-BA-5559	TCGA-D6-6827	TCGA-T2-A6WX	TCGA-CR-7368	TCGA-CV-7100	TCGA-CR-6487	TCGA-RS-A6TP	TCGA-CN-A6V7	TCGA-CN-A499	TCGA-CQ-5323	TCGA-BA-5556	TCGA-CQ-7068	TCGA-CR-7404	TCGA-CV-7418	TCGA-CR-6491	TCGA-CN-A6V1	TCGA-CR-6471	TCGA-CR-6484	TCGA-CV-7261	TCGA-CN-5360	TCGA-BA-6869	TCGA-CV-7406	TCGA-BB-4228	TCGA-BB-4223	TCGA-CR-6482	TCGA-CV-7103	TCGA-CV-6951	TCGA-CR-7402	TCGA-CV-7414	TCGA-CV-7435	TCGA-CR-7371	TCGA-BA-5153	TCGA-CV-6433	TCGA-CR-7369	TCGA-CV-A45Q	TCGA-BB-A6UO	TCGA-P3-A6T7	TCGA-UF-A7JC	TCGA-CV-A6JN	TCGA-UF-A7JK	TCGA-CV-5977	TCGA-CV-7434	TCGA-CV-A6JU	TCGA-H7-A6C4	TCGA-CV-7245	TCGA-BA-5558	TCGA-UF-A7JS	TCGA-CR-7373	TCGA-CV-A6JT	TCGA-CV-A6JZ	TCGA-D6-A6EQ	TCGA-F7-A620	TCGA-UF-A7JT	TCGA-D6-A6ES	TCGA-KU-A66T	TCGA-CN-A497	TCGA-CN-6013	TCGA-CN-5364	TCGA-CR-6473	TCGA-F7-8298	TCGA-CN-6010	TCGA-UF-A71E	TCGA-CN-6995	TCGA-CQ-7069	TCGA-CV-7430	TCGA-CN-5365	TCGA-IQ-A61G	TCGA-CQ-A4C9	TCGA-CQ-6225	TCGA-IQ-A6SG	TCGA-CR-5250	TCGA-IQ-A61I	TCGA-P3-A6T6	TCGA-T3-A92N	TCGA-CV-7104	TCGA-IQ-7630	TCGA-C9-A480	TCGA-CN-6020	TCGA-CV-7097	TCGA-P3-A6T5	TCGA-D6-A74Q	TCGA-BA-5555	TCGA-CV-5434	TCGA-BA-A8YP	TCGA-BA-4078	TCGA-CN-A6UY	TCGA-BA-A4IH	TCGA-BA-6870	TCGA-CV-6945	TCGA-BA-A6DD	TCGA-UF-A71D	TCGA-QK-A6VB	TCGA-CN-4727	TCGA-BA-5557	TCGA-CV-6950	TCGA-CV-5979	TCGA-MZ-A5BI	TCGA-CN-4737	TCGA-CV-A6K2	TCGA-CV-7091	TCGA-CR-7364	TCGA-CV-7423	TCGA-CN-4726	TCGA-CQ-5331	TCGA-BB-7870	TCGA-CN-6998	TCGA-CV-7252	TCGA-CV-6948	TCGA-D6-6825	TCGA-BA-7269	TCGA-MZ-A7D7	TCGA-CR-7383	TCGA-BB-8601	TCGA-CQ-A4CI	TCGA-CV-6933	TCGA-CR-7374	TCGA-CV-A45W	TCGA-CX-7086	TCGA-BB-4227	TCGA-CR-7372	TCGA-CV-7438	TCGA-IQ-A61J	TCGA-QK-A6IJ	TCGA-DQ-7588	TCGA-F7-A61W	TCGA-P3-A6T3	TCGA-CQ-A4CH	TCGA-CR-7401	TCGA-H7-8501	TCGA-P3-A6SX	TCGA-P3-A6T0	TCGA-QK-A6IG	TCGA-UF-A71A	TCGA-CV-6003	TCGA-IQ-A61H	TCGA-UF-A718	TCGA-CR-6477	TCGA-CV-7095	TCGA-CV-5435	TCGA-P3-A6T4	TCGA-TN-A7HJ	TCGA-UF-A7JF	TCGA-C9-A47Z	TCGA-CV-7263	TCGA-CV-7422	TCGA-CV-7424	TCGA-D6-A6EO	TCGA-F7-7848	TCGA-CN-6988	TCGA-CV-5432	TCGA-CN-5358	TCGA-CN-6022	TCGA-CQ-6218	TCGA-BA-A6DI	TCGA-CN-4738	TCGA-CQ-A4CE	TCGA-CQ-5326	TCGA-CR-6493	TCGA-CV-A45U	TCGA-CV-A45Y	TCGA-CV-A45Z	TCGA-CV-A468	TCGA-CV-5430	TCGA-CV-6956	TCGA-CV-7255	TCGA-CV-7437	TCGA-CX-A4AQ	TCGA-HD-A6HZ	TCGA-QK-A6VC	TCGA-QK-A8ZB	TCGA-T3-A92M	TCGA-UF-A71B	TCGA-CV-6940	TCGA-CV-6941	TCGA-CV-7243	TCGA-F7-A61V	TCGA-CV-6935	TCGA-CV-6953	TCGA-CV-7253	TCGA-CV-7177	TCGA-CN-4739	TCGA-CR-7388	TCGA-CV-A465	TCGA-CV-7248	TCGA-BA-A6DL	TCGA-D6-A6EM	TCGA-CQ-6223	TCGA-CQ-6220	TCGA-MT-A51W	TCGA-CN-6012	TCGA-CV-7415	TCGA-DQ-7592	TCGA-CV-6936	TCGA-D6-A4ZB	TCGA-CV-A460	TCGA-CV-A461	TCGA-CN-A49A	TCGA-CN-4725	TCGA-CN-A641	TCGA-UF-A719	TCGA-CV-7090	TCGA-CN-5366	TCGA-CQ-6224	TCGA-BB-A5HU	TCGA-CV-6952	TCGA-CV-7102	TCGA-CV-7416	TCGA-CN-4735	TCGA-UF-A7JO	TCGA-D6-6823	TCGA-DQ-5629	TCGA-CN-5367	TCGA-CV-7413	TCGA-BA-A4II	TCGA-HD-8224	TCGA-CQ-5332	TCGA-CV-5978	TCGA-CN-A6V3	TCGA-CR-6478	TCGA-D6-8569	TCGA-UF-A7J9	TCGA-WA-A7GZ	TCGA-CV-5440	TCGA-CV-5970	TCGA-CN-6996	TCGA-CN-5356	TCGA-BA-A6DB	TCGA-BA-5151	TCGA-BB-A5HZ	TCGA-CN-A63T	TCGA-CN-4733	TCGA-CN-5373	TCGA-CQ-7063	TCGA-CV-A45P	TCGA-CV-A45R	TCGA-CV-5976	TCGA-CV-6943	TCGA-CV-7180	TCGA-CV-7247	TCGA-D6-A4Z9	TCGA-D6-6515	TCGA-D6-6517	TCGA-F7-A50G	TCGA-F7-A61S	TCGA-HD-8634	TCGA-P3-A5Q6	TCGA-QK-AA3J	TCGA-BA-A4IG	TCGA-CV-A45O	TCGA-CV-7183	TCGA-CR-6472	TCGA-HD-8314	TCGA-HD-7754	TCGA-CR-7391	TCGA-CV-A45T	TCGA-H7-7774	TCGA-CN-A63V	TCGA-KU-A6H8	TCGA-CR-7367	TCGA-CV-7440	TCGA-CQ-A4CG	TCGA-CV-5443	TCGA-P3-A5QE	TCGA-CR-7389	TCGA-CQ-6227	TCGA-BB-A6UM	TCGA-CN-A6V6	TCGA-CV-6954	TCGA-DQ-7596	TCGA-CR-7385	TCGA-P3-A5QF	TCGA-CR-5249	TCGA-CV-7410	TCGA-MZ-A6I9	TCGA-CN-4730	TCGA-CN-4741	TCGA-HD-A634	TCGA-CV-7250	TCGA-CR-7392	TCGA-CN-A642	TCGA-MT-A67F	TCGA-CN-A49C	TCGA-CN-5374	TCGA-CQ-5325	TCGA-CR-5247	TCGA-CR-5248	TCGA-CR-6488	TCGA-CV-A6K0	TCGA-CV-6939	TCGA-D6-6824	TCGA-DQ-7593	TCGA-F7-A50J	TCGA-HD-A4C1	TCGA-IQ-7631	TCGA-IQ-7632	TCGA-KU-A6H7	TCGA-P3-A5Q5	TCGA-TN-A7HI	TCGA-WA-A7H4
TWIST1	CNA	Amplification	Amplification	Amplification	Amplification	Amplification	Amplification	Amplification	Amplification	Amplification																																																																																																																																																																																																																																																																																																																																																																																																																																																																																															
SNAI1	CNA																																	Amplification																																																																																																																																																																																																																																																																																																																																																																																																																																																																							
MIR-200A/200A	CNA																		Amplification																Amplification																				Amplification	Deep Deletion	Deep Deletion	Deep Deletion	Deep Deletion																																																																																																																																																																																																																																																																																																																																																																																																																																														
DKK1	CNA																																			Amplification																								Amplification	Amplification	Amplification	Amplification	Amplification	Deep Deletion																																																																																																																																																																																																																																																																																																																																																																																																																																								
CDH2	CNA																																		Deep Deletion		Amplification																																Deep Deletion																							Amplification	Amplification	Amplification	Amplification	Amplification	Deep Deletion	Deep Deletion																																																																																																																																																																																																																																																																																																																																																																																																							
CTNNB1	CNA													Deep Deletion																																																									Deep Deletion																																				Deep Deletion	Deep Deletion																																																																																																																																																																																																																																																																																																																																																																																													
NOTCH1	CNA																																																																						Deep Deletion			Amplification																		Deep Deletion													Deep Deletion												Amplification	Amplification	Amplification	Deep Deletion	Deep Deletion	Deep Deletion	Deep Deletion	Deep Deletion	Deep Deletion																																																																																																																																																																																																																																																																																																																																																																												
SMAD2	CNA							Amplification																											Deep Deletion																										Amplification																																								Amplification																																																																																																							Amplification	Amplification																																																																																																																																																																																																																																																																																												
SMAD3	CNA																																																																																																																																																																				Deep Deletion																																																												Deep Deletion																				Deep Deletion																																																																																																																																																																																																																																																				
SMAD4	CNA			Deep Deletion																		Deep Deletion													Deep Deletion																						Deep Deletion				Deep Deletion								Deep Deletion					Deep Deletion	Deep Deletion	Deep Deletion	Deep Deletion					Deep Deletion	Deep Deletion									Deep Deletion															Deep Deletion																																																																																																																																																														Deep Deletion	Deep Deletion	Deep Deletion	Deep Deletion																																																																																																																																																																																																																													
VIM	CNA																																																																																																								Deep Deletion																																																																																								Deep Deletion																																																																																								Amplification	Amplification																																																																																																																																																																																																															
TP53	CNA																																																																																																Deep Deletion																																																																																																																																																																																															Deep Deletion	Deep Deletion																																																																																																																																																																																																								
CDH1	CNA																																																																		Amplification																																																																																																																																																																																																																																																																																																																																																																																																																																						
MAPK3	CNA																																																																																																																																																																																																																																																																																																																																																																											Amplification																																																																																																																													
AKT2	CNA																																																						Amplification																																																										Amplification																																																																																																																																																																Amplification																																																																																																											Amplification	Amplification																																																																																																												
MIR-203/203A	CNA															Deep Deletion																													Amplification																				Amplification																																										Deep Deletion							Deep Deletion																																																																																																							Amplification																																																																																										Amplification																																																																																																																																															Amplification																																							
MIR-34/34A	CNA																																																						Amplification				Deep Deletion																																																																																																																																																																																																																																																																																																																																																																																																																																														
SNAI2	CNA									Amplification		Amplification																				Amplification														Amplification																			Amplification																															Amplification		Amplification							Amplification																									Amplification																Amplification								Amplification																		Amplification					Amplification	Amplification					Amplification																																																																			Amplification															Amplification							Amplification										Amplification																		Amplification								Amplification	Amplification	Amplification	Amplification	Amplification	Amplification																																																																										Amplification																																																																																																						
TP73	CNA																		Amplification																Amplification																				Amplification	Deep Deletion		Deep Deletion	Deep Deletion																																																																																																																																																																																																																																																																																																																																																																																																																																														
AKT1	CNA															Deep Deletion																													Amplification																				Amplification																																										Deep Deletion							Deep Deletion																																																											Amplification																																												Amplification																																																			Deep Deletion																																							Amplification																																																																																																																																																																																						
TP63	CNA										Amplification								Amplification	Amplification					Amplification	Amplification								Amplification				Amplification							Amplification						Amplification						Amplification	Amplification		Amplification		Amplification																						Amplification				Amplification	Amplification								Amplification				Amplification									Amplification												Amplification													Amplification				Amplification													Amplification					Amplification							Amplification									Amplification				Amplification																		Amplification									Amplification					Amplification												Amplification		Amplification							Amplification																		Amplification			Amplification	Amplification	Amplification	Amplification	Amplification	Amplification	Amplification															Amplification		Amplification																						Amplification	Amplification						Amplification				Amplification																Amplification						Amplification	Amplification	Amplification	Amplification																																		Amplification					Amplification	Amplification						Amplification		Amplification	Amplification			Amplification					Amplification										Amplification					Amplification		Amplification	Amplification	Amplification	Amplification	Amplification	Amplification	Amplification																										Amplification			Amplification	Amplification																		Amplification	Amplification	Amplification	Amplification	Amplification																									
ZEB2	CNA		Deep Deletion																																																																																																																																																																																																																																																																																																																																																																																																																																																																																																						
TGFBR1	CNA																																																																																																																				Amplification	Amplification																																																																																																																																																																																																																																																																																																																																																																																			
ZEB1	CNA																																																																																																																																																																																																																																																																																									Amplification	Amplification																																																																																																																																																																																																														
CDKN1A	CNA																																																																																																																																																																																																																																																																															Amplification																																																									Amplification																																																																																																																																																																
TWIST1	MUTATIONS										Truncating mutation (putative passenger)																																																																																																																																																																																																																																																																																																																																																																																																																																																																																														
SNAI1	MUTATIONS																																																																																																																																																																																																																																																																																																																																																																																																																																																																																																								
MIR-200A/200A	MUTATIONS																																																																																																																																																																																																																																																																																																																																																																																																																																																																																																								
DKK1	MUTATIONS																																																																	Truncating mutation (putative passenger)	Missense Mutation (putative passenger)	Missense Mutation (putative passenger)																																																																																																																																																																																																																																																																																																																																																																																																																																					
CDH2	MUTATIONS																																					Missense Mutation (putative passenger)	Missense Mutation (putative passenger)																																																												Missense Mutation (putative passenger)	Missense Mutation (putative passenger)	Missense Mutation (putative passenger)	Missense Mutation (putative passenger)																																																																																																																																																																																																																																																																																																																																																																																																			
CTNNB1	MUTATIONS																					Missense Mutation (putative driver)																																																		Missense Mutation (putative passenger)																				Truncating mutation (putative passenger)																	Truncating mutation (putative passenger)	Truncating mutation (putative passenger)																																																																																																																																																																																																																																																																																																																																																																																											
NOTCH1	MUTATIONS					Truncating mutation (putative driver)	Missense Mutation (putative passenger)													Truncating mutation (putative driver)				Missense Mutation (putative driver)														Truncating mutation (putative driver)			Truncating mutation (putative driver)	Missense Mutation (putative passenger)	Missense Mutation (putative passenger)													Missense Mutation (putative passenger)									Truncating mutation (putative driver)	Missense Mutation (putative passenger)	Missense Mutation (putative passenger)		Truncating mutation (putative driver)				Truncating mutation (putative driver)	Missense Mutation (putative passenger)	Missense Mutation (putative passenger)																								Missense Mutation (putative passenger)							Missense Mutation (putative driver)			Truncating mutation (putative driver)											Truncating mutation (putative driver)	Truncating mutation (putative driver)	Missense Mutation (putative passenger)				Truncating mutation (putative driver)	Truncating mutation (putative driver)	Truncating mutation (putative driver)	Truncating mutation (putative driver)	Truncating mutation (putative driver)	Truncating mutation (putative driver)	Truncating mutation (putative driver)	Truncating mutation (putative driver)	Truncating mutation (putative driver)	Truncating mutation (putative driver)	Truncating mutation (putative driver)	Truncating mutation (putative driver)	Truncating mutation (putative driver)	Truncating mutation (putative driver)	Truncating mutation (putative driver)	Truncating mutation (putative driver)	Truncating mutation (putative driver)	Truncating mutation (putative driver)	Truncating mutation (putative driver)	Truncating mutation (putative driver)	Truncating mutation (putative driver)	Truncating mutation (putative driver)	Truncating mutation (putative driver)	Truncating mutation (putative driver)	Truncating mutation (putative driver)	Inframe Mutation (putative driver)	Missense Mutation (putative driver)	Missense Mutation (putative driver)	Missense Mutation (putative driver)	Missense Mutation (putative driver)	Missense Mutation (putative driver)	Missense Mutation (putative driver)	Missense Mutation (putative driver)	Missense Mutation (putative driver)	Missense Mutation (putative driver)	Missense Mutation (putative driver)	Missense Mutation (putative passenger)	Missense Mutation (putative passenger)	Missense Mutation (putative passenger)	Missense Mutation (putative passenger)	Missense Mutation (putative passenger)	Missense Mutation (putative passenger)	Missense Mutation (putative passenger)	Missense Mutation (putative passenger)	Missense Mutation (putative passenger)	Missense Mutation (putative passenger)	Missense Mutation (putative passenger)	Missense Mutation (putative passenger)	Missense Mutation (putative passenger)	Missense Mutation (putative passenger)	Missense Mutation (putative passenger)	Missense Mutation (putative passenger)	Missense Mutation (putative passenger)	Missense Mutation (putative passenger)	Missense Mutation (putative passenger)	Missense Mutation (putative passenger)	Missense Mutation (putative passenger)	Missense Mutation (putative passenger)	Missense Mutation (putative passenger)	Missense Mutation (putative passenger)	Missense Mutation (putative passenger)	Missense Mutation (putative passenger)	Missense Mutation (putative passenger)																																																																																																																																																																																																																																																																																																													
SMAD2	MUTATIONS							Missense Mutation (putative passenger)																																																																																																																																																																																																						Truncating mutation (putative driver)	Truncating mutation (putative driver)	Missense Mutation (putative passenger)																																																																																																																																																																																																																																																																																									
SMAD3	MUTATIONS																																																																																																																														Missense Mutation (putative passenger)																																																																																																		Missense Mutation (putative passenger)																					Missense Mutation (putative passenger)	Missense Mutation (putative passenger)																																																																																																																																																																																																																																																		
SMAD4	MUTATIONS																																																																																																																															Truncating mutation (putative driver)																																							Truncating mutation (putative driver)	Missense Mutation (putative driver)																																						Missense Mutation (putative passenger)			Missense Mutation (putative passenger)			Missense Mutation (putative passenger)														Truncating mutation (putative driver)	Missense Mutation (putative driver)	Missense Mutation (putative driver)																				Missense Mutation (putative driver)																					Truncating mutation (putative driver)	Missense Mutation (putative driver)	Missense Mutation (putative passenger)	Missense Mutation (putative passenger)																																																																																																																																																																																																																									
VIM	MUTATIONS																																																																																																																																																																									Missense Mutation (putative passenger)																																																																																																															Missense Mutation (putative passenger)		Missense Mutation (putative passenger)																																																																																																																																																																																																														
TP53	MUTATIONS	Truncating mutation (putative driver)	Missense Mutation (putative driver)	Missense Mutation (putative driver)	Missense Mutation (putative driver)	Missense Mutation (putative driver)		Missense Mutation (putative driver)	Truncating mutation (putative driver)	Inframe Mutation (putative driver)		Truncating mutation (putative driver)	Truncating mutation (putative driver)	Missense Mutation (putative driver)	Missense Mutation (putative driver)	Truncating mutation (putative driver)	Truncating mutation (putative driver)	Missense Mutation (putative driver)	Missense Mutation (putative driver)	Missense Mutation (putative driver)			Truncating mutation (putative driver)	Missense Mutation (putative driver)		Truncating mutation (putative driver)	Truncating mutation (putative driver)	Truncating mutation (putative driver)	Truncating mutation (putative driver)	Missense Mutation (putative driver)	Missense Mutation (putative driver)	Missense Mutation (putative driver)			Truncating mutation (putative driver)	Truncating mutation (putative driver)	Missense Mutation (putative driver)	Truncating mutation (putative driver)	Missense Mutation (putative driver)	Truncating mutation (putative driver)		Truncating mutation (putative driver)	Missense Mutation (putative driver)		Missense Mutation (putative driver)	Truncating mutation (putative driver)	Truncating mutation (putative driver)	Truncating mutation (putative driver)	Truncating mutation (putative driver)	Truncating mutation (putative driver)	Missense Mutation (putative driver)	Missense Mutation (putative driver)			Truncating mutation (putative driver)		Missense Mutation (putative driver)	Truncating mutation (putative driver)		Missense Mutation (putative driver)	Inframe Mutation (putative driver)	Truncating mutation (putative driver)	Truncating mutation (putative driver)	Missense Mutation (putative driver)	Missense Mutation (putative driver)	Truncating mutation (putative driver)	Truncating mutation (putative driver)		Missense Mutation (putative driver)	Missense Mutation (putative driver)		Missense Mutation (putative driver)	Inframe Mutation (putative driver)	Missense Mutation (putative driver)	Missense Mutation (putative driver)	Missense Mutation (putative driver)	Truncating mutation (putative driver)	Truncating mutation (putative driver)		Truncating mutation (putative driver)	Truncating mutation (putative driver)	Truncating mutation (putative driver)		Truncating mutation (putative driver)	Truncating mutation (putative driver)	Truncating mutation (putative driver)	Missense Mutation (putative driver)	Missense Mutation (putative driver)	Missense Mutation (putative driver)	Missense Mutation (putative driver)	Missense Mutation (putative driver)	Truncating mutation (putative driver)	Truncating mutation (putative driver)	Truncating mutation (putative driver)	Missense Mutation (putative driver)	Missense Mutation (putative driver)	Missense Mutation (putative driver)		Truncating mutation (putative driver)		Missense Mutation (putative driver)	Missense Mutation (putative driver)	Missense Mutation (putative driver)		Missense Mutation (putative driver)	Truncating mutation (putative driver)		Missense Mutation (putative driver)						Missense Mutation (putative driver)		Truncating mutation (putative driver)		Truncating mutation (putative driver)				Missense Mutation (putative driver)	Missense Mutation (putative driver)	Missense Mutation (putative driver)		Truncating mutation (putative driver)		Missense Mutation (putative driver)	Truncating mutation (putative driver)	Truncating mutation (putative driver)	Truncating mutation (putative driver)	Truncating mutation (putative driver)	Truncating mutation (putative driver)	Truncating mutation (putative driver)	Truncating mutation (putative driver)	Truncating mutation (putative driver)	Missense Mutation (putative driver)	Missense Mutation (putative driver)	Missense Mutation (putative driver)	Missense Mutation (putative driver)	Missense Mutation (putative driver)										Truncating mutation (putative driver)	Truncating mutation (putative driver)		Truncating mutation (putative driver)	Missense Mutation (putative driver)	Missense Mutation (putative driver)	Missense Mutation (putative driver)	Missense Mutation (putative driver)	Missense Mutation (putative driver)					Truncating mutation (putative driver)	Truncating mutation (putative driver)	Missense Mutation (putative driver)	Missense Mutation (putative driver)	Missense Mutation (putative driver)	Missense Mutation (putative driver)		Truncating mutation (putative driver)	Truncating mutation (putative driver)	Truncating mutation (putative driver)	Truncating mutation (putative driver)	Truncating mutation (putative driver)	Missense Mutation (putative driver)	Missense Mutation (putative driver)	Missense Mutation (putative driver)	Missense Mutation (putative driver)	Missense Mutation (putative driver)	Missense Mutation (putative driver)	Missense Mutation (putative driver)							Missense Mutation (putative driver)					Missense Mutation (putative driver)										Missense Mutation (putative driver)	Missense Mutation (putative driver)			Truncating mutation (putative driver)		Truncating mutation (putative driver)	Missense Mutation (putative driver)					Truncating mutation (putative driver)	Missense Mutation (putative driver)	Missense Mutation (putative driver)	Missense Mutation (putative driver)	Missense Mutation (putative driver)	Missense Mutation (putative driver)				Truncating mutation (putative driver)	Truncating mutation (putative driver)	Truncating mutation (putative driver)		Truncating mutation (putative driver)	Inframe Mutation (putative driver)	Truncating mutation (putative driver)	Truncating mutation (putative driver)	Truncating mutation (putative driver)	Truncating mutation (putative driver)	Missense Mutation (putative driver)	Missense Mutation (putative driver)	Missense Mutation (putative driver)	Missense Mutation (putative driver)	Missense Mutation (putative driver)	Missense Mutation (putative driver)	Missense Mutation (putative driver)	Missense Mutation (putative driver)	Missense Mutation (putative driver)		Missense Mutation (putative driver)	Truncating mutation (putative driver)	Missense Mutation (putative driver)	Truncating mutation (putative driver)		Truncating mutation (putative driver)	Truncating mutation (putative driver)	Truncating mutation (putative driver)	Truncating mutation (putative driver)	Inframe Mutation (putative driver)	Missense Mutation (putative driver)	Missense Mutation (putative driver)	Missense Mutation (putative driver)	Missense Mutation (putative driver)	Missense Mutation (putative driver)	Missense Mutation (putative driver)					Truncating mutation (putative driver)	Missense Mutation (putative driver)	Missense Mutation (putative driver)	Missense Mutation (putative driver)		Missense Mutation (putative driver)	Truncating mutation (putative driver)	Missense Mutation (putative driver)	Truncating mutation (putative driver)	Truncating mutation (putative driver)	Truncating mutation (putative driver)			Missense Mutation (putative driver)	Missense Mutation (putative driver)	Missense Mutation (putative driver)	Truncating mutation (putative driver)	Truncating mutation (putative driver)	Truncating mutation (putative driver)	Truncating mutation (putative driver)	Truncating mutation (putative driver)	Missense Mutation (putative driver)		Missense Mutation (putative driver)	Missense Mutation (putative driver)	Truncating mutation (putative driver)	Truncating mutation (putative driver)	Truncating mutation (putative driver)	Truncating mutation (putative driver)	Truncating mutation (putative driver)	Truncating mutation (putative driver)	Truncating mutation (putative driver)	Truncating mutation (putative driver)	Truncating mutation (putative driver)	Truncating mutation (putative driver)	Truncating mutation (putative driver)	Truncating mutation (putative driver)	Truncating mutation (putative driver)	Truncating mutation (putative driver)	Truncating mutation (putative driver)	Truncating mutation (putative driver)	Truncating mutation (putative driver)	Truncating mutation (putative driver)	Truncating mutation (putative driver)	Truncating mutation (putative driver)	Truncating mutation (putative driver)	Truncating mutation (putative driver)	Truncating mutation (putative driver)	Truncating mutation (putative driver)	Truncating mutation (putative driver)	Truncating mutation (putative driver)	Truncating mutation (putative driver)	Truncating mutation (putative driver)	Truncating mutation (putative driver)	Truncating mutation (putative driver)	Truncating mutation (putative driver)	Truncating mutation (putative driver)	Truncating mutation (putative driver)	Truncating mutation (putative driver)	Truncating mutation (putative driver)	Truncating mutation (putative driver)	Truncating mutation (putative driver)	Truncating mutation (putative driver)	Truncating mutation (putative driver)	Truncating mutation (putative driver)	Truncating mutation (putative driver)	Truncating mutation (putative driver)	Truncating mutation (putative driver)	Truncating mutation (putative driver)	Truncating mutation (putative driver)	Truncating mutation (putative driver)	Truncating mutation (putative driver)	Truncating mutation (putative driver)	Truncating mutation (putative driver)	Truncating mutation (putative driver)	Truncating mutation (putative driver)	Truncating mutation (putative driver)	Truncating mutation (putative driver)	Truncating mutation (putative driver)	Truncating mutation (putative driver)	Truncating mutation (putative driver)	Truncating mutation (putative driver)	Truncating mutation (putative driver)	Truncating mutation (putative driver)	Truncating mutation (putative driver)	Truncating mutation (putative driver)	Truncating mutation (putative driver)	Truncating mutation (putative driver)	Truncating mutation (putative driver)	Truncating mutation (putative driver)	Truncating mutation (putative driver)	Truncating mutation (putative driver)	Truncating mutation (putative driver)	Truncating mutation (putative driver)	Truncating mutation (putative driver)	Truncating mutation (putative driver)	Truncating mutation (putative driver)	Truncating mutation (putative driver)	Inframe Mutation (putative driver)	Inframe Mutation (putative driver)	Inframe Mutation (putative driver)	Inframe Mutation (putative driver)	Missense Mutation (putative driver)	Missense Mutation (putative driver)	Missense Mutation (putative driver)	Missense Mutation (putative driver)	Missense Mutation (putative driver)	Missense Mutation (putative driver)	Missense Mutation (putative driver)	Missense Mutation (putative driver)	Missense Mutation (putative driver)	Missense Mutation (putative driver)	Missense Mutation (putative driver)	Missense Mutation (putative driver)	Missense Mutation (putative driver)	Missense Mutation (putative driver)	Missense Mutation (putative driver)	Missense Mutation (putative driver)	Missense Mutation (putative driver)	Missense Mutation (putative driver)	Missense Mutation (putative driver)	Missense Mutation (putative driver)	Missense Mutation (putative driver)	Missense Mutation (putative driver)	Missense Mutation (putative driver)	Missense Mutation (putative driver)	Missense Mutation (putative driver)	Missense Mutation (putative driver)	Missense Mutation (putative driver)	Missense Mutation (putative driver)	Missense Mutation (putative driver)	Missense Mutation (putative driver)	Missense Mutation (putative driver)	Missense Mutation (putative driver)	Missense Mutation (putative driver)	Missense Mutation (putative driver)	Missense Mutation (putative driver)	Missense Mutation (putative driver)	Missense Mutation (putative driver)	Missense Mutation (putative driver)	Missense Mutation (putative driver)	Missense Mutation (putative driver)	Missense Mutation (putative driver)	Missense Mutation (putative driver)	Missense Mutation (putative driver)	Missense Mutation (putative driver)	Missense Mutation (putative driver)	Missense Mutation (putative driver)	Missense Mutation (putative driver)	Missense Mutation (putative driver)	Missense Mutation (putative driver)	Missense Mutation (putative driver)	Missense Mutation (putative driver)	Missense Mutation (putative driver)	Missense Mutation (putative driver)	Missense Mutation (putative driver)	Missense Mutation (putative driver)	Missense Mutation (putative driver)	Missense Mutation (putative driver)	Missense Mutation (putative driver)	Missense Mutation (putative driver)	Missense Mutation (putative driver)	Missense Mutation (putative driver)	Missense Mutation (putative driver)	Missense Mutation (putative driver)	Missense Mutation (putative driver)	Missense Mutation (putative driver)	Missense Mutation (putative driver)	Missense Mutation (putative driver)	Missense Mutation (putative driver)	Missense Mutation (putative driver)	Missense Mutation (putative driver)	Missense Mutation (putative driver)																																																				
CDH1	MUTATIONS																																																								Missense Mutation (putative driver)																									Missense Mutation (putative passenger)											Missense Mutation (putative passenger)		Inframe Mutation (putative passenger)																																																																																																																																																																																																																																																																																																																																																																																																										
MAPK3	MUTATIONS																																																																																																																																														Missense Mutation (putative passenger)																																																																																																																																																																																																																																																																																																																																																										
AKT2	MUTATIONS																																																																																																																																																																																						Missense Mutation (putative passenger)																																																																																																																	Missense Mutation (putative passenger)	Missense Mutation (putative passenger)																																																																																																																																																																																																
MIR-203/203A	MUTATIONS																																																																																																																																																																																																																																																																																																																																																																																																																																																																																																								
MIR-34/34A	MUTATIONS																																																																																																																																																																																																																																																																																																																																																																																																																																																																																																								
SNAI2	MUTATIONS																																																																																																																														Missense Mutation (putative passenger)																																																																																																																																																																																																																																																																																																																																																																										
TP73	MUTATIONS																																																																																																																																	Missense Mutation (putative passenger)																																																																																																																																																																																																																																																																																																																																																																							
AKT1	MUTATIONS																																																																																																																																																																																																																																																																																																																																																																																														Missense Mutation (putative driver)																																																																					Missense Mutation (putative driver)																																					
TP63	MUTATIONS																																																															Missense Mutation (putative passenger)																																			Missense Mutation (putative passenger)																					Missense Mutation (putative passenger)															Truncating mutation (putative driver)																									Missense Mutation (putative passenger)																																																																									Truncating mutation (putative driver)															Missense Mutation (putative passenger)																																																Missense Mutation (putative passenger)																												Truncating mutation (putative driver)																																																				Truncating mutation (putative driver)																																					Missense Mutation (putative passenger)																									Missense Mutation (putative passenger)																																																			
ZEB2	MUTATIONS																																					Missense Mutation (putative passenger)																																																																																																																																																																																																														Missense Mutation (putative passenger)																													Missense Mutation (putative passenger)		Missense Mutation (putative passenger)																																																																Missense Mutation (putative passenger)	Missense Mutation (putative passenger)																																	Truncating mutation (putative passenger)	Missense Mutation (putative passenger)																																																																																														Missense Mutation (putative passenger)																					
TGFBR1	MUTATIONS																																																																																																																																																																Missense Mutation (putative passenger)																																																																																																																																																																																																																																																																																																																																								
ZEB1	MUTATIONS					Missense Mutation (putative passenger)																																														Missense Mutation (putative passenger)																				Missense Mutation (putative passenger)																																																																							Missense Mutation (putative passenger)				Missense Mutation (putative passenger)																																																																							Truncating mutation (putative passenger)																																																																																										Missense Mutation (putative passenger)																																																																																																												Missense Mutation (putative passenger)																																																																									
CDKN1A	MUTATIONS																																																																																																																																																																																																																																																																																																																																																																																																																																																																																																								
TWIST1	MRNA	mRNA High	mRNA High									mRNA High	mRNA High	mRNA High	mRNA High	mRNA High	mRNA High	mRNA High	mRNA High	mRNA High	mRNA High	mRNA High	mRNA High	mRNA High	mRNA High	mRNA High	mRNA High	mRNA High	mRNA High	mRNA High	mRNA High	mRNA High	mRNA High																																																																																																																																																																																																																																																																																																																																																																																																																																																																								
SNAI1	MRNA										mRNA High	mRNA High	mRNA High	mRNA High	mRNA High	mRNA High	mRNA High	mRNA High																	mRNA High	mRNA High	mRNA High	mRNA High	mRNA High	mRNA High	mRNA High	mRNA High	mRNA High	mRNA High	mRNA High	mRNA High	mRNA High	mRNA High	mRNA High	mRNA High	mRNA High	mRNA High	mRNA High	mRNA High																																																																																																																																																																																																																																																																																																																																																																																																																																																			
MIR-200A/200A	MRNA																																																																																																																																																																																																																																																																																																																																																																																																																																																																																																								
DKK1	MRNA			mRNA High	mRNA High															mRNA High	mRNA High																																																mRNA High	mRNA High	mRNA High	mRNA High	mRNA High	mRNA High	mRNA High	mRNA High	mRNA High	mRNA High	mRNA High	mRNA High	mRNA High	mRNA High	mRNA High	mRNA High	mRNA High	mRNA High	mRNA High	mRNA High	mRNA High	mRNA High	mRNA High																																																																																																																																																																																																																																																																																																																																																																																																														
CDH2	MRNA	mRNA High										mRNA High	mRNA High																											mRNA High																														mRNA High																																	mRNA High	mRNA High	mRNA High	mRNA High																																																																																																																																																																																																																																																																																																																																																																																															
CTNNB1	MRNA																					mRNA High	mRNA High																																																mRNA Low		mRNA High																														mRNA High	mRNA High					mRNA Low		mRNA High	mRNA High	mRNA High	mRNA High	mRNA High																																																																																																																																																																																																																																																																																																																																																																																						
NOTCH1	MRNA														mRNA High										mRNA High																			mRNA High																mRNA High								mRNA High																													mRNA High		mRNA High	mRNA High											mRNA High						mRNA High																																													mRNA High	mRNA High																										mRNA High	mRNA High	mRNA High	mRNA High	mRNA High	mRNA High	mRNA High	mRNA High	mRNA High	mRNA High	mRNA High	mRNA High	mRNA High	mRNA High	mRNA High																																																																																																																																																																																																																																																																																														
SMAD2	MRNA	mRNA Low	mRNA Low																				mRNA Low												mRNA Low																					mRNA Low					mRNA High								mRNA Low							mRNA High	mRNA Low	mRNA Low	mRNA Low																				mRNA Low	mRNA High	mRNA High	mRNA High																								mRNA Low																										mRNA Low												mRNA High	mRNA Low																								mRNA Low															mRNA High	mRNA High				mRNA High	mRNA High	mRNA High	mRNA High	mRNA High	mRNA High	mRNA High	mRNA High	mRNA High	mRNA High	mRNA High	mRNA High	mRNA High	mRNA High	mRNA High	mRNA High	mRNA Low	mRNA Low	mRNA Low	mRNA Low	mRNA Low	mRNA Low	mRNA Low	mRNA Low	mRNA Low	mRNA Low	mRNA Low	mRNA Low	mRNA Low	mRNA Low	mRNA Low	mRNA Low	mRNA Low	mRNA Low	mRNA Low	mRNA Low																																																																																																																																																																																																																																																					
SMAD3	MRNA														mRNA High																													mRNA High																						mRNA High					mRNA High									mRNA High	mRNA High																													mRNA High		mRNA High										mRNA High																																											mRNA Low	mRNA High																																						mRNA High	mRNA High			mRNA High	mRNA High	mRNA High	mRNA High																																					mRNA High	mRNA High	mRNA High	mRNA High	mRNA High	mRNA High	mRNA High	mRNA High	mRNA High	mRNA High	mRNA High	mRNA High	mRNA High	mRNA High	mRNA High	mRNA High	mRNA High																																																																																																																																																																																																																																	
SMAD4	MRNA			mRNA Low					mRNA Low																										mRNA Low									mRNA High																					mRNA Low				mRNA Low					mRNA Low	mRNA Low		mRNA Low	mRNA Low				mRNA Low		mRNA High								mRNA Low							mRNA Low			mRNA High											mRNA High										mRNA Low			mRNA Low		mRNA Low	mRNA Low																							mRNA Low	mRNA High																mRNA Low																					mRNA High	mRNA High	mRNA High																	mRNA High	mRNA High		mRNA High	mRNA High	mRNA High	mRNA High											mRNA Low	mRNA Low		mRNA Low	mRNA Low																			mRNA High																mRNA Low	mRNA Low	mRNA Low						mRNA High	mRNA High	mRNA High	mRNA High	mRNA High	mRNA Low	mRNA Low	mRNA Low																																																																																																																																																																																																																	
VIM	MRNA	mRNA High										mRNA High	mRNA High			mRNA High								mRNA High		mRNA High										mRNA High		mRNA High			mRNA High	mRNA High			mRNA High																											mRNA High																																							mRNA High																																																																																																																																																																													mRNA High	mRNA High	mRNA High	mRNA High																																																																																																																																																																																																										
TP53	MRNA																								mRNA High												mRNA High																																																																												mRNA High				mRNA High																				mRNA High																mRNA High									mRNA High														mRNA High														mRNA High					mRNA High	mRNA High																	mRNA High	mRNA High			mRNA High	mRNA High	mRNA High			mRNA High																																																		mRNA High															mRNA High																																																																												mRNA High				mRNA High																																																																							mRNA High																																																			
CDH1	MRNA	mRNA Low										mRNA Low												mRNA Low																																											mRNA High					mRNA Low				mRNA High			mRNA Low																																																															mRNA High																																																																						mRNA High				mRNA High				mRNA High	mRNA High														mRNA High																				mRNA High																																			mRNA High	mRNA High																																																																													mRNA High	mRNA High	mRNA High	mRNA High	mRNA High	mRNA High	mRNA High	mRNA High	mRNA Low																																																														mRNA High	mRNA High	mRNA High	mRNA High	mRNA High	mRNA High																																														
MAPK3	MRNA																																			mRNA High																							mRNA High															mRNA High																								mRNA High										mRNA High																														mRNA High				mRNA High		mRNA High	mRNA High																								mRNA High		mRNA High																																																																																																																	mRNA High								mRNA High	mRNA High	mRNA High	mRNA Low																																																																									mRNA High									mRNA High	mRNA High	mRNA High																																																												mRNA High	mRNA High				mRNA High	mRNA High	mRNA High																																											
AKT2	MRNA	mRNA Low													mRNA High												mRNA High			mRNA High	mRNA Low																								mRNA High													mRNA High									mRNA High							mRNA Low	mRNA Low		mRNA Low						mRNA High								mRNA Low											mRNA High																									mRNA Low					mRNA High									mRNA Low																				mRNA High	mRNA High																		mRNA High	mRNA High																		mRNA Low			mRNA High								mRNA High		mRNA High	mRNA Low		mRNA Low					mRNA Low						mRNA High	mRNA Low													mRNA High																mRNA Low						mRNA Low	mRNA High								mRNA Low														mRNA Low			mRNA High	mRNA High	mRNA Low	mRNA Low	mRNA Low	mRNA Low	mRNA Low	mRNA Low	mRNA Low																																																										mRNA Low	mRNA High			mRNA High	mRNA High								mRNA High			mRNA High	mRNA High	mRNA High	mRNA High	mRNA High	mRNA High	mRNA High	mRNA Low	mRNA Low	mRNA Low	mRNA Low																																																									mRNA High	mRNA High	mRNA High																																								
MIR-203/203A	MRNA																																																																																																																																																																																																																																																																																																																																																																																																																																																																																																								
MIR-34/34A	MRNA																																																																																																																																																																																																																																																																																																																																																																																																																																																																																																								
SNAI2	MRNA				mRNA High					mRNA High		mRNA High		mRNA High			mRNA High			mRNA High	mRNA High			mRNA High							mRNA High								mRNA High																																		mRNA High						mRNA High			mRNA High				mRNA High	mRNA High								mRNA High			mRNA High					mRNA High		mRNA High										mRNA High		mRNA High												mRNA High		mRNA High	mRNA High														mRNA High								mRNA High	mRNA High										mRNA High							mRNA High					mRNA High																																																						mRNA High							mRNA High												mRNA High				mRNA High																								mRNA High	mRNA High						mRNA High							mRNA High									mRNA High													mRNA High	mRNA High	mRNA High	mRNA High	mRNA High	mRNA High	mRNA High	mRNA High	mRNA High																																											mRNA High																	mRNA High					mRNA High	mRNA High			mRNA High	mRNA High	mRNA High	mRNA High	mRNA High	mRNA High	mRNA High																																																		mRNA High				mRNA High																																						
TP73	MRNA																																	mRNA High										mRNA High																																																	mRNA High																																																												mRNA High									mRNA High																													mRNA High	mRNA High					mRNA High																					mRNA High				mRNA High																											mRNA High												mRNA High	mRNA High														mRNA High																																																																																																																										mRNA High																																																						mRNA High	mRNA High																																				
AKT1	MRNA	mRNA High				mRNA High		mRNA High		mRNA High			mRNA High	mRNA High						mRNA High										mRNA High	mRNA High					mRNA High																									mRNA High				mRNA High	mRNA High					mRNA High		mRNA High						mRNA High																												mRNA Low							mRNA Low					mRNA High			mRNA High				mRNA Low			mRNA High	mRNA High			mRNA High	mRNA High				mRNA Low														mRNA Low	mRNA Low	mRNA High		mRNA High									mRNA High							mRNA High	mRNA High						mRNA High	mRNA High										mRNA Low																						mRNA Low	mRNA Low						mRNA High				mRNA Low							mRNA High		mRNA High												mRNA Low										mRNA High							mRNA Low							mRNA Low				mRNA High					mRNA Low						mRNA High		mRNA High	mRNA High															mRNA Low	mRNA High					mRNA High							mRNA High									mRNA High	mRNA High	mRNA High	mRNA High	mRNA High	mRNA High																																					mRNA High					mRNA High																	mRNA High				mRNA High	mRNA High							mRNA High	mRNA High	mRNA High	mRNA High	mRNA High	mRNA Low	mRNA Low																																													mRNA High	mRNA High			mRNA High	mRNA High	mRNA Low	mRNA Low	mRNA Low	mRNA Low																														
TP63	MRNA				mRNA High	mRNA High																									mRNA High					mRNA Low		mRNA High														mRNA High					mRNA High		mRNA High		mRNA High			mRNA High		mRNA High		mRNA High				mRNA Low								mRNA High				mRNA High																mRNA High	mRNA High															mRNA High								mRNA High				mRNA High			mRNA High																				mRNA High														mRNA High									mRNA High										mRNA High	mRNA High									mRNA High				mRNA High	mRNA High	mRNA High				mRNA High					mRNA High								mRNA High			mRNA High				mRNA High								mRNA High			mRNA High	mRNA High									mRNA High			mRNA High			mRNA High	mRNA High			mRNA High													mRNA High		mRNA High			mRNA High	mRNA High	mRNA High						mRNA High									mRNA High		mRNA High			mRNA High	mRNA High					mRNA High		mRNA High	mRNA High	mRNA High			mRNA High						mRNA High	mRNA High										mRNA High	mRNA High			mRNA High				mRNA High	mRNA High	mRNA High	mRNA High	mRNA High	mRNA High																									mRNA High			mRNA High			mRNA High	mRNA High	mRNA High		mRNA High				mRNA High											mRNA High			mRNA High									mRNA High	mRNA High					mRNA High	mRNA High							mRNA High																								mRNA High			mRNA High										mRNA High			mRNA High						mRNA High	mRNA High				mRNA High	mRNA High	mRNA Low																						
ZEB2	MRNA											mRNA High	mRNA High			mRNA High	mRNA High							mRNA High		mRNA High												mRNA High				mRNA High	mRNA High		mRNA High		mRNA High						mRNA High									mRNA High																												mRNA High														mRNA High																																																									mRNA High																									mRNA High																						mRNA High																																																																												mRNA High																																																									mRNA High																																																				mRNA High																																																																												mRNA High																				
TGFBR1	MRNA										mRNA High		mRNA High		mRNA High					mRNA High																				mRNA High																																			mRNA High																												mRNA High		mRNA High																mRNA High							mRNA High			mRNA High											mRNA High												mRNA High																											mRNA High																								mRNA High													mRNA High													mRNA High	mRNA High						mRNA High																																								mRNA High																																																																																																									mRNA High					mRNA High																											mRNA High																																																		mRNA High	mRNA High				mRNA High																			
ZEB1	MRNA											mRNA High	mRNA High	mRNA High		mRNA High	mRNA High	mRNA High								mRNA High					mRNA High							mRNA High				mRNA High	mRNA High		mRNA High			mRNA High			mRNA High		mRNA High																																																			mRNA High																																																																																		mRNA High																														mRNA High				mRNA High																																																																																																																									mRNA High	mRNA High																																																			mRNA High																																																							mRNA High																																									
CDKN1A	MRNA																																																mRNA High										mRNA High									mRNA High																																			mRNA High				mRNA High																															mRNA High				mRNA High																											mRNA High														mRNA High				mRNA High																																						mRNA High										mRNA High																																																										mRNA High			mRNA High																				mRNA High																	mRNA High										mRNA High																																																																																																mRNA High																																mRNA High																		
TWIST1	PROTEIN																																																																																																																																																																																																																																																																																																																																																																																																																																																																																																								
SNAI1	PROTEIN																																																																																																																																																																																																																																																																																																																																																																																																																																																																																																								
MIR-200A/200A	PROTEIN																																																																																																																																																																																																																																																																																																																																																																																																																																																																																																								
DKK1	PROTEIN																																																																																																																																																																																																																																																																																																																																																																																																																																																																																																								
CDH2	PROTEIN																																																																																																																																																																																																																																																																																																																																																																																																																																																																																																								
CTNNB1	PROTEIN																																																																																																																																																																																																																																																																																																																																																																																																																																																																																																								
NOTCH1	PROTEIN																																																																																																																																																																																																																																																																																																																																																																																																																																																																																																								
SMAD2	PROTEIN																																																																																																																																																																																																																																																																																																																																																																																																																																																																																																								
SMAD3	PROTEIN																																																																																																																																																																																																																																																																																																																																																																																																																																																																																																								
SMAD4	PROTEIN																																																																																																																																																																																																																																																																																																																																																																																																																																																																																																								
VIM	PROTEIN																																																																																																																																																																																																																																																																																																																																																																																																																																																																																																								
TP53	PROTEIN																																																																																																																																																																																																																																																																																																																																																																																																																																																																																																								
CDH1	PROTEIN																																																																																																																																																																																																																																																																																																																																																																																																																																																																																																								
MAPK3	PROTEIN																																																																																																																																																																																																																																																																																																																																																																																																																																																																																																								
AKT2	PROTEIN																																																																																																																																																																																																																																																																																																																																																																																																																																																																																																								
MIR-203/203A	PROTEIN																																																																																																																																																																																																																																																																																																																																																																																																																																																																																																								
MIR-34/34A	PROTEIN																																																																																																																																																																																																																																																																																																																																																																																																																																																																																																								
SNAI2	PROTEIN																																																																																																																																																																																																																																																																																																																																																																																																																																																																																																								
TP73	PROTEIN																																																																																																																																																																																																																																																																																																																																																																																																																																																																																																								
AKT1	PROTEIN																																																																																																																																																																																																																																																																																																																																																																																																																																																																																																								
TP63	PROTEIN																																																																																																																																																																																																																																																																																																																																																																																																																																																																																																								
ZEB2	PROTEIN																																																																																																																																																																																																																																																																																																																																																																																																																																																																																																								
TGFBR1	PROTEIN																																																																																																																																																																																																																																																																																																																																																																																																																																																																																																								
ZEB1	PROTEIN																																																																																																																																																																																																																																																																																																																																																																																																																																																																																																								
CDKN1A	PROTEIN																																																																																																																																																																																																																																																																																																																																																																																																																																																																																																								
TWIST1	FUSION																																																																																																																																																																																																																																																																																																																																																																																																																																																																																																								
SNAI1	FUSION																																																																																																																																																																																																																																																																																																																																																																																																																																																																																																								
MIR-200A/200A	FUSION																																																																																																																																																																																																																																																																																																																																																																																																																																																																																																								
DKK1	FUSION																																																																																																																																																																																																																																																																																																																																																																																																																																																																																																								
CDH2	FUSION																																																																																																																																																																																																																																																																																																																																																																																																																																																																																																								
CTNNB1	FUSION																																																																																																																																																																																																																																																																																																																																																																																																																																																																																																								
NOTCH1	FUSION																																																																																											Fusion																								Fusion																																																																																																																																																																																																																																																																																																																																																																																					
SMAD2	FUSION																																																																																																																																																																																																																																																																																																																																																																																																																																																																																																								
SMAD3	FUSION																																																																																																																																																																																																																																																																																																																																																																																																																																																																																																								
SMAD4	FUSION																																																																																																																																																																																																																																																																																																																																																																																																																																																																																																								
VIM	FUSION																																																																																																																																																																																																																																																																																																																																																																																																																																																																																																								
TP53	FUSION																																																																																																																																																																																																																																																																																																																																																																																																																																																																																																								
CDH1	FUSION																																																																																																																																																																																																																																																																																																																																																																																																																																																																																																								
MAPK3	FUSION																																																																																																																																																																																																																																																																																																																																																																																																																																																																																																								
AKT2	FUSION																																																																																																																																																																																																																																																																																																																																																																																																																																																																																																								
MIR-203/203A	FUSION																																																																																																																																																																																																																																																																																																																																																																																																																																																																																																								
MIR-34/34A	FUSION																																																																																																																																																																																																																																																																																																																																																																																																																																																																																																								
SNAI2	FUSION																																																																																																																																																																																																																																																																																																																																																																																																																																																																																																								
TP73	FUSION																																																																																																																																																																																																																																																																																																																																																																																Fusion																																																																																																																								
AKT1	FUSION																																																																																																																																																																																																																																																																																																																																																																																																																																																																																																								
TP63	FUSION																																																																																																																																																																																																																																																																																																																																																																											Fusion																																																																																																																													
ZEB2	FUSION																																																																																																																																																																																																																																																																																																																																																																																																																																																																																																								
TGFBR1	FUSION																																																																																																																																																																																																																																																																																																																																																																																																																																																																																																								
ZEB1	FUSION																																																																																																																																																																																																																																																																																																																																																																																																																																																																																																								
CDKN1A	FUSION																																																																																																																																																																																																																																																																																																																																																																																																																																																																																																								
