track_name	track_type	TCGA-FJ-A3Z7	TCGA-GU-A767	TCGA-MV-A51V	TCGA-GV-A3JZ	TCGA-FD-A6TG	TCGA-CU-A0YN	TCGA-ZF-AA4T	TCGA-GV-A3QI	TCGA-DK-A3IV	TCGA-DK-A1A7	TCGA-K4-A6MB	TCGA-GV-A3JW	TCGA-XF-AAMT	TCGA-BT-A20W	TCGA-GC-A3RD	TCGA-DK-AA6W	TCGA-BT-A20J	TCGA-FD-A5BT	TCGA-XF-AAMH	TCGA-BL-A5ZZ	TCGA-XF-AAN8	TCGA-DK-A3IQ	TCGA-DK-AA6S	TCGA-DK-A2I2	TCGA-BL-A3JM	TCGA-XF-AAN7	TCGA-G2-A2EO	TCGA-UY-A8OC	TCGA-GD-A3OS	TCGA-XF-AAMJ	TCGA-XF-AAMX	TCGA-BT-A20R	TCGA-PQ-A6FI	TCGA-FD-A5BZ	TCGA-DK-A1AF	TCGA-K4-A83P	TCGA-DK-A6B5	TCGA-2F-A9KT	TCGA-DK-AA6M	TCGA-BT-A2LD	TCGA-FD-A43P	TCGA-ZF-AA4U	TCGA-BT-A20Q	TCGA-G2-A2EF	TCGA-4Z-AA7S	TCGA-BT-A42E	TCGA-XF-A9ST	TCGA-FD-A3B7	TCGA-4Z-AA7W	TCGA-XF-A9SM	TCGA-GU-A764	TCGA-DK-A3WX	TCGA-YC-A8S6	TCGA-G2-A2EL	TCGA-2F-A9KP	TCGA-DK-AA75	TCGA-2F-A9KW	TCGA-DK-A1AC	TCGA-G2-AA3B	TCGA-UY-A8OB	TCGA-FD-A3N5	TCGA-GV-A40E	TCGA-DK-A2HX	TCGA-DK-A6AW	TCGA-ZF-A9RF	TCGA-GV-A3JV	TCGA-ZF-AA4N	TCGA-FT-A3EE	TCGA-XF-AAN5	TCGA-ZF-AA5H	TCGA-GU-A762	TCGA-E7-A7DV	TCGA-XF-A9T3	TCGA-K4-A4AB	TCGA-HQ-A5ND	TCGA-FD-A5BR	TCGA-FD-A5BV	TCGA-UY-A9PF	TCGA-KQ-A41R	TCGA-DK-A2I4	TCGA-FD-A6TI	TCGA-CF-A47T	TCGA-FD-A3B6	TCGA-K4-A3WV	TCGA-FJ-A3ZF	TCGA-XF-A8HG	TCGA-BT-A20X	TCGA-XF-AAML	TCGA-DK-AA6L	TCGA-GU-AATO	TCGA-XF-AAMQ	TCGA-XF-A9SI	TCGA-UY-A8OD	TCGA-4Z-AA7Y	TCGA-GV-A6ZA	TCGA-XF-A9T4	TCGA-DK-A3IN	TCGA-C4-A0EZ	TCGA-BT-A2LA	TCGA-ZF-AA54	TCGA-E7-A6ME	TCGA-FD-A3SP	TCGA-FD-A6TK	TCGA-BT-A20N	TCGA-UY-A9PE	TCGA-FD-A3SJ	TCGA-HQ-A2OE	TCGA-XF-A9T2	TCGA-E7-A677	TCGA-FJ-A871	TCGA-XF-A9T5	TCGA-UY-A78L	TCGA-E7-A4IJ	TCGA-4Z-AA84	TCGA-DK-A6AV	TCGA-K4-A3WU	TCGA-CU-A3KJ	TCGA-DK-A2I6	TCGA-FD-A3SO	TCGA-BT-A2LB	TCGA-BL-A13I	TCGA-FD-A62O	TCGA-ZF-A9RD	TCGA-XF-AAMY	TCGA-H4-A2HO	TCGA-4Z-AA89	TCGA-FD-A3B4	TCGA-FD-A3N6	TCGA-GU-A763	TCGA-XF-AAMG	TCGA-DK-AA76	TCGA-E7-A3Y1	TCGA-FD-A3SR	TCGA-BT-A20V	TCGA-DK-A3WW	TCGA-HQ-A5NE	TCGA-KQ-A41Q	TCGA-K4-A5RJ	TCGA-BT-A0S7	TCGA-DK-A1AE	TCGA-XF-A8HE	TCGA-E7-A6MF	TCGA-DK-A1AB	TCGA-GC-A3RC	TCGA-GC-A3YS	TCGA-4Z-AA82	TCGA-E7-A541	TCGA-E7-A7XN	TCGA-DK-AA74	TCGA-KQ-A41O	TCGA-BT-A0YX	TCGA-FD-A3SM	TCGA-GU-A42Q	TCGA-LT-A5Z6	TCGA-FD-A6TE	TCGA-E5-A4TZ	TCGA-FJ-A3ZE	TCGA-4Z-AA87	TCGA-ZF-A9RN	TCGA-FD-A3SL	TCGA-DK-AA77	TCGA-ZF-A9RE	TCGA-KQ-A41N	TCGA-CF-A3MF	TCGA-CF-A8HY	TCGA-YF-AA3L	TCGA-4Z-AA83	TCGA-XF-A9T6	TCGA-GU-A766	TCGA-XF-A9SZ	TCGA-GD-A6C6	TCGA-GV-A40G	TCGA-FD-A3SN	TCGA-CF-A8HX	TCGA-CF-A9FF	TCGA-CF-A3MH	TCGA-KQ-A41P	TCGA-DK-A3IL	TCGA-ZF-A9R7	TCGA-FD-A43Y	TCGA-G2-A2EK	TCGA-5N-A9KM	TCGA-4Z-AA7M	TCGA-E5-A2PC	TCGA-PQ-A6FN	TCGA-YC-A89H	TCGA-DK-A3IT	TCGA-2F-A9KQ	TCGA-GC-A3BM	TCGA-DK-A3IS	TCGA-GC-A3I6	TCGA-BT-A20T	TCGA-2F-A9KR	TCGA-FD-A43X	TCGA-GU-A42R	TCGA-ZF-A9R1	TCGA-E7-A8O7	TCGA-2F-A9KO	TCGA-CF-A5UA	TCGA-CU-A72E	TCGA-E7-A3X6	TCGA-FD-A6TA	TCGA-XF-A9T8	TCGA-ZF-AA4X	TCGA-FD-A6TC	TCGA-C4-A0F0	TCGA-BT-A42F	TCGA-GU-AATP	TCGA-ZF-AA51	TCGA-ZF-AA53	TCGA-GV-A3JX	TCGA-UY-A9PB	TCGA-ZF-AA4W	TCGA-BT-A42C	TCGA-CF-A3MI	TCGA-FD-A6TF	TCGA-4Z-AA7R	TCGA-G2-AA3F	TCGA-GV-A3QF	TCGA-CU-A5W6	TCGA-E7-A85H	TCGA-CU-A0YR	TCGA-4Z-AA80	TCGA-XF-A9SJ	TCGA-K4-A5RH	TCGA-FD-A5BX	TCGA-G2-AA3C	TCGA-XF-AAN3	TCGA-GU-AATQ	TCGA-CF-A3MG	TCGA-GV-A3QK	TCGA-ZF-A9RL	TCGA-KQ-A41S	TCGA-G2-AA3D	TCGA-FD-A3B3	TCGA-XF-A9SK	TCGA-LC-A66R	TCGA-DK-A1A3	TCGA-GC-A3RB	TCGA-K4-A54R	TCGA-G2-A3IB	TCGA-XF-AAMW	TCGA-XF-A9T0	TCGA-DK-A2I1	TCGA-GC-A3WC	TCGA-FD-A3B8	TCGA-UY-A9PH	TCGA-DK-A6B6	TCGA-E7-A97Q	TCGA-FD-A3NA	TCGA-FD-A62N	TCGA-XF-A8HH	TCGA-XF-A9SY	TCGA-ZF-AA52	TCGA-BT-A20U	TCGA-DK-A1A5	TCGA-GD-A2C5	TCGA-XF-A9SX	TCGA-XF-AAN0	TCGA-HQ-A2OF	TCGA-G2-A3IE	TCGA-DK-AA6Q	TCGA-BT-A3PH	TCGA-DK-A3IK	TCGA-FD-A6TD	TCGA-FD-A3SS	TCGA-5N-A9KI	TCGA-CF-A1HS	TCGA-G2-A3VY	TCGA-E5-A4U1	TCGA-4Z-AA7Q	TCGA-BT-A20O	TCGA-DK-A1AD	TCGA-DK-AA6U	TCGA-E7-A7DU	TCGA-GC-A6I3	TCGA-GV-A3QH	TCGA-YF-AA3M	TCGA-DK-A3X1	TCGA-ZF-AA58	TCGA-UY-A9PD	TCGA-UY-A78M	TCGA-ZF-A9RC	TCGA-FD-A62S	TCGA-DK-A3IU	TCGA-4Z-AA86	TCGA-GC-A6I1	TCGA-DK-A3X2	TCGA-K4-A4AC	TCGA-XF-A8HF	TCGA-ZF-A9RM	TCGA-DK-AA6R	TCGA-G2-A2EJ	TCGA-XF-A8HD	TCGA-BT-A3PJ	TCGA-K4-AAQO	TCGA-ZF-AA5P	TCGA-UY-A9PA	TCGA-BL-A13J	TCGA-CF-A5U8	TCGA-CF-A47Y	TCGA-DK-A3IM	TCGA-DK-AA6X	TCGA-FD-A43N	TCGA-G2-A2ES	TCGA-GC-A3OO	TCGA-GC-A4ZW	TCGA-GU-A42P	TCGA-K4-A5RI	TCGA-K4-A6FZ	TCGA-UY-A78K	TCGA-UY-A78O	TCGA-UY-A78P	TCGA-ZF-A9R0	TCGA-ZF-A9R4	TCGA-CF-A47W	TCGA-H4-A2HQ	TCGA-DK-A1AG	TCGA-ZF-A9R2	TCGA-FD-A6TH	TCGA-FD-A5C0	TCGA-XF-A8HC	TCGA-CU-A3QU	TCGA-E7-A5KE	TCGA-FD-A43U	TCGA-4Z-AA81	TCGA-BL-A0C8	TCGA-SY-A9G5	TCGA-CU-A3YL	TCGA-FD-A5BY	TCGA-FD-A62P	TCGA-S5-AA26	TCGA-FD-A3B5	TCGA-DK-A3WY	TCGA-DK-AA6T	TCGA-FD-A6TB	TCGA-GD-A76B	TCGA-K4-A3WS	TCGA-XF-A8HB	TCGA-XF-A9SW	TCGA-DK-A6B2	TCGA-FD-A5C1	TCGA-UY-A78N	TCGA-CF-A9FL	TCGA-E7-A5KF	TCGA-S5-A6DX	TCGA-C4-A0F6	TCGA-E7-A7PW	TCGA-YC-A9TC	TCGA-FD-A5BU	TCGA-CF-A1HR	TCGA-CF-A47X	TCGA-E7-A6MD	TCGA-SY-A9G0	TCGA-XF-AAN4	TCGA-GV-A3QG	TCGA-XF-AAME	TCGA-CF-A9FM	TCGA-XF-A9SH	TCGA-E7-A97P	TCGA-ZF-AA4V	TCGA-ZF-AA56	TCGA-DK-AA71	TCGA-XF-AAMR	TCGA-CF-A7I0	TCGA-GD-A3OQ	TCGA-DK-A6B1	TCGA-4Z-AA7N	TCGA-4Z-AA7O	TCGA-BT-A3PK	TCGA-BT-A20P	TCGA-CF-A9FH	TCGA-CF-A27C	TCGA-CF-A47S	TCGA-CF-A47V	TCGA-CU-A0YO	TCGA-DK-A1AA	TCGA-DK-A6B0	TCGA-DK-AA6P	TCGA-E7-A4XJ	TCGA-E7-A519	TCGA-E7-A678	TCGA-FD-A3SQ	TCGA-FD-A5BS	TCGA-FJ-A3Z9	TCGA-FT-A61P	TCGA-GD-A3OP	TCGA-LT-A8JT	TCGA-R3-A69X	TCGA-XF-A8HI	TCGA-XF-A9SL	TCGA-XF-A9SP	TCGA-XF-A9SU	TCGA-XF-A9SV	TCGA-XF-AAMZ	TCGA-XF-AAN1	TCGA-XF-AAN2	TCGA-ZF-A9R3	TCGA-ZF-A9R5	TCGA-ZF-A9R9	TCGA-ZF-AA4R	TCGA-ZF-AA5N
TWIST1	CNA	Amplification	Amplification	Amplification	Amplification	Amplification	Amplification	Amplification	Amplification	Amplification	Amplification	Amplification	Amplification	Amplification	Amplification	Amplification	Deep Deletion	Deep Deletion																																																																																																																																																																																																																																																																																																																																																																																																	
SNAI1	CNA																		Amplification																			Amplification	Amplification	Amplification	Amplification	Amplification	Amplification	Amplification																																																																																																																																																																																																																																																																																																																																																																							
MIR-200A/200A	CNA																																																						Amplification	Amplification	Amplification	Deep Deletion																																																																																																																																																																																																																																																																																																																																																									
DKK1	CNA																																																										Amplification	Amplification	Amplification	Amplification	Deep Deletion	Deep Deletion																																																																																																																																																																																																																																																																																																																																																			
CDH2	CNA																						Amplification	Amplification														Amplification																												Amplification																	Amplification	Amplification	Amplification	Amplification																																																																																																																																																																																																																																																																																																																													
CTNNB1	CNA					Amplification																																																																																																				Amplification	Amplification																																																																																																																																																																																																																																																																																																								
NOTCH1	CNA																																																									Amplification																																																																		Amplification	Amplification	Amplification	Deep Deletion	Deep Deletion	Deep Deletion	Deep Deletion																																																																																																																																																																																																																																																																																	
SMAD2	CNA																						Amplification																										Amplification																																		Amplification																																																																			Deep Deletion																																																																																																																																																																																																																																																													
SMAD3	CNA																																																																																																																																																																																							Deep Deletion																																																																																																																																																																																																																											
SMAD4	CNA							Deep Deletion																																							Deep Deletion																																																																																																							Deep Deletion																																																					Deep Deletion																																																																																																																																																																																																								
VIM	CNA									Amplification																																																				Amplification		Amplification																																										Amplification																																												Amplification	Deep Deletion																																																																		Amplification	Amplification	Amplification	Amplification	Amplification	Deep Deletion	Deep Deletion																																																																																																																																																																																				
TP53	CNA										Deep Deletion																																																									Deep Deletion																																																																																																																										Deep Deletion																																							Deep Deletion	Deep Deletion	Deep Deletion	Deep Deletion																																																																																																																																																																											
CDH1	CNA																																																									Amplification																																Amplification				Amplification																					Deep Deletion	Amplification																																																														Deep Deletion																												Amplification								Amplification								Deep Deletion																																			Amplification	Amplification																																																																																																																																																	
MAPK3	CNA									Amplification																																														Amplification																												Amplification																																		Amplification																																																																																																																			Amplification			Amplification																													Amplification	Amplification																																																									Amplification	Amplification	Amplification	Amplification																																																																													
AKT2	CNA		Amplification																														Amplification								Amplification	Amplification																																																										Amplification							Amplification																																																																																																																					Amplification																																												Amplification	Amplification																																																												Amplification																																																																										
MIR-203/203A	CNA	Deep Deletion			Deep Deletion																																																										Deep Deletion																																	Deep Deletion																																																																																																																	Deep Deletion																																																																							Amplification	Deep Deletion																																																																																																																										
MIR-34/34A	CNA																																																						Amplification	Amplification																																																																																																																																																																																								Amplification																																																																																																																																																																			
SNAI2	CNA				Amplification										Amplification		Amplification																																									Amplification	Amplification																																					Amplification																					Amplification																																							Amplification				Amplification																			Deep Deletion																																																																																						Amplification					Amplification												Amplification	Amplification																																																											Amplification																																																													
TP73	CNA																																																						Amplification	Amplification	Amplification	Deep Deletion																																																																																																																																																																																																																																																																																																																																																									
AKT1	CNA	Deep Deletion			Deep Deletion																																																						Amplification				Deep Deletion																																	Deep Deletion																																																																																																																	Deep Deletion																																																																							Amplification	Deep Deletion																																																																																																																										
TP63	CNA											Amplification																										Amplification																				Amplification																											Amplification					Amplification																																																																									Amplification									Amplification																																		Amplification																							Amplification																Amplification																		Amplification	Amplification																												Amplification																																																											Amplification																																																				
ZEB2	CNA																																																																																																									Amplification											Amplification																																																																																																																											Amplification																																																																																																																																																																			
TGFBR1	CNA																				Amplification																																																	Deep Deletion																																																			Deep Deletion									Deep Deletion																																																				Deep Deletion											Deep Deletion																																																																																								Deep Deletion																																																																						Deep Deletion								Deep Deletion	Deep Deletion																																											
ZEB1	CNA		Amplification																																																													Deep Deletion																																																																																																																																																									Amplification	Amplification		Amplification			Deep Deletion																																																																																																																																												Deep Deletion																																								
CDKN1A	CNA				Amplification																																																																																																																							Amplification																																																																																											Deep Deletion																																																									Amplification																																																																																																																																			
TWIST1	MUTATIONS																																																																																																																																																																																																																																																																																																																																																																																																																		
SNAI1	MUTATIONS		Missense Mutation (putative passenger)																																										Missense Mutation (putative passenger)	Missense Mutation (putative passenger)	Missense Mutation (putative passenger)																																																																																																																																																																																																																																																																																																																																																																				
MIR-200A/200A	MUTATIONS																																																																																																																																																																																																																																																																																																																																																																																																																		
DKK1	MUTATIONS																																																										Missense Mutation (putative passenger)						Truncating mutation (putative passenger)																																																																																																																																																																																																																																																																																																																																																		
CDH2	MUTATIONS	Missense Mutation (putative passenger)		Missense Mutation (putative passenger)																					Missense Mutation (putative passenger)																																			Missense Mutation (putative passenger)					Missense Mutation (putative passenger)																						Missense Mutation (putative passenger)	Missense Mutation (putative passenger)	Missense Mutation (putative passenger)	Missense Mutation (putative passenger)	Missense Mutation (putative passenger)	Missense Mutation (putative passenger)	Missense Mutation (putative passenger)	Missense Mutation (putative passenger)	Missense Mutation (putative passenger)	Missense Mutation (putative passenger)																																																																																																																																																																																																																																																																																																																			
CTNNB1	MUTATIONS																			Missense Mutation (putative driver)	Missense Mutation (putative driver)					Missense Mutation (putative driver)																																	Missense Mutation (putative driver)																																																	Missense Mutation (putative driver)	Missense Mutation (putative driver)	Missense Mutation (putative driver)	Missense Mutation (putative driver)	Missense Mutation (putative passenger)	Missense Mutation (putative passenger)	Missense Mutation (putative passenger)	Missense Mutation (putative passenger)	Missense Mutation (putative passenger)	Missense Mutation (putative passenger)																																																																																																																																																																																																																																																																																														
NOTCH1	MUTATIONS						Missense Mutation (putative passenger)																				Missense Mutation (putative passenger)	Missense Mutation (putative passenger)											Missense Mutation (putative passenger)									Missense Mutation (putative passenger)																			Missense Mutation (putative passenger)																																																																Truncating mutation (putative driver)	Truncating mutation (putative driver)	Truncating mutation (putative driver)	Missense Mutation (putative passenger)	Missense Mutation (putative passenger)	Missense Mutation (putative passenger)	Missense Mutation (putative passenger)	Missense Mutation (putative passenger)																																																																																																																																																																																																																																																																									
SMAD2	MUTATIONS																																																																																																																																										Missense Mutation (putative passenger)												Truncating mutation (putative driver)	Missense Mutation (putative passenger)	Missense Mutation (putative passenger)																																																																																																																																																																																																																																																										
SMAD3	MUTATIONS																																																										Missense Mutation (putative passenger)														Truncating mutation (putative driver)																									Missense Mutation (putative driver)																																												Missense Mutation (putative passenger)																																											Missense Mutation (putative passenger)	Missense Mutation (putative passenger)	Missense Mutation (putative passenger)	Missense Mutation (putative passenger)																																																																																																																																																																																																																							
SMAD4	MUTATIONS			Missense Mutation (putative passenger)																																													Missense Mutation (putative driver)																							Missense Mutation (putative driver)		Missense Mutation (putative passenger)																																																																														Missense Mutation (putative passenger)			Missense Mutation (putative passenger)													Missense Mutation (putative passenger)																																				Missense Mutation (putative passenger)																																																																																																																																																																																																							
VIM	MUTATIONS																																																																																																																																							Missense Mutation (putative passenger)								Missense Mutation (putative passenger)																																		Missense Mutation (putative passenger)											Missense Mutation (putative passenger)																																			Missense Mutation (putative passenger)	Missense Mutation (putative passenger)																																																																																																																																																																																		
TP53	MUTATIONS	Truncating mutation (putative driver)	Missense Mutation (putative driver)		Truncating mutation (putative driver)			Missense Mutation (putative driver)		Missense Mutation (putative driver)		Truncating mutation (putative driver)	Missense Mutation (putative driver)	Missense Mutation (putative driver)			Truncating mutation (putative driver)	Missense Mutation (putative driver)							Missense Mutation (putative driver)	Missense Mutation (putative driver)	Missense Mutation (putative driver)	Missense Mutation (putative driver)		Missense Mutation (putative driver)	Truncating mutation (putative driver)	Missense Mutation (putative driver)	Missense Mutation (putative driver)	Missense Mutation (putative driver)						Missense Mutation (putative driver)	Missense Mutation (putative driver)	Missense Mutation (putative driver)			Inframe Mutation (putative driver)			Missense Mutation (putative driver)	Missense Mutation (putative driver)	Missense Mutation (putative driver)	Missense Mutation (putative driver)	Missense Mutation (putative driver)			Truncating mutation (putative driver)	Missense Mutation (putative driver)			Truncating mutation (putative driver)	Truncating mutation (putative driver)	Truncating mutation (putative driver)	Missense Mutation (putative driver)				Missense Mutation (putative driver)		Missense Mutation (putative driver)			Truncating mutation (putative driver)	Missense Mutation (putative driver)	Missense Mutation (putative driver)	Missense Mutation (putative driver)	Truncating mutation (putative driver)	Truncating mutation (putative driver)	Inframe Mutation (putative driver)	Missense Mutation (putative driver)						Missense Mutation (putative driver)		Missense Mutation (putative driver)		Truncating mutation (putative driver)	Missense Mutation (putative driver)	Missense Mutation (putative driver)	Missense Mutation (putative driver)	Missense Mutation (putative driver)	Missense Mutation (putative driver)					Missense Mutation (putative driver)	Missense Mutation (putative driver)	Missense Mutation (putative driver)	Truncating mutation (putative driver)	Missense Mutation (putative driver)	Missense Mutation (putative driver)		Truncating mutation (putative driver)	Truncating mutation (putative driver)	Missense Mutation (putative driver)					Truncating mutation (putative driver)	Missense Mutation (putative driver)		Missense Mutation (putative driver)			Missense Mutation (putative driver)	Truncating mutation (putative driver)	Truncating mutation (putative driver)	Missense Mutation (putative driver)			Missense Mutation (putative driver)							Truncating mutation (putative driver)			Truncating mutation (putative driver)			Missense Mutation (putative driver)		Truncating mutation (putative driver)					Truncating mutation (putative driver)	Truncating mutation (putative driver)	Missense Mutation (putative driver)				Truncating mutation (putative driver)	Missense Mutation (putative driver)			Truncating mutation (putative driver)	Truncating mutation (putative driver)	Truncating mutation (putative driver)	Missense Mutation (putative driver)	Missense Mutation (putative driver)	Truncating mutation (putative driver)	Truncating mutation (putative driver)	Truncating mutation (putative driver)	Truncating mutation (putative driver)	Missense Mutation (putative driver)	Missense Mutation (putative passenger)					Truncating mutation (putative driver)	Truncating mutation (putative driver)	Missense Mutation (putative driver)	Missense Mutation (putative driver)	Missense Mutation (putative driver)					Missense Mutation (putative driver)	Missense Mutation (putative driver)					Missense Mutation (putative driver)	Missense Mutation (putative driver)	Missense Mutation (putative driver)					Truncating mutation (putative driver)														Truncating mutation (putative driver)	Missense Mutation (putative driver)		Truncating mutation (putative driver)	Truncating mutation (putative driver)	Truncating mutation (putative driver)	Truncating mutation (putative driver)	Missense Mutation (putative driver)	Missense Mutation (putative driver)	Missense Mutation (putative passenger)			Truncating mutation (putative driver)	Truncating mutation (putative driver)	Truncating mutation (putative driver)					Truncating mutation (putative driver)		Missense Mutation (putative driver)			Missense Mutation (putative driver)				Truncating mutation (putative driver)	Truncating mutation (putative driver)	Truncating mutation (putative driver)	Truncating mutation (putative driver)	Truncating mutation (putative driver)	Truncating mutation (putative driver)	Truncating mutation (putative driver)	Truncating mutation (putative driver)	Truncating mutation (putative driver)	Truncating mutation (putative driver)	Truncating mutation (putative driver)	Truncating mutation (putative driver)	Truncating mutation (putative driver)	Truncating mutation (putative driver)	Truncating mutation (putative driver)	Truncating mutation (putative driver)	Truncating mutation (putative driver)	Truncating mutation (putative driver)	Truncating mutation (putative driver)	Truncating mutation (putative driver)	Truncating mutation (putative driver)	Truncating mutation (putative driver)	Truncating mutation (putative driver)	Missense Mutation (putative driver)	Missense Mutation (putative driver)	Missense Mutation (putative driver)	Missense Mutation (putative driver)	Missense Mutation (putative driver)	Missense Mutation (putative driver)	Missense Mutation (putative driver)	Missense Mutation (putative driver)	Missense Mutation (putative driver)	Missense Mutation (putative driver)	Missense Mutation (putative driver)	Missense Mutation (putative driver)	Missense Mutation (putative driver)	Missense Mutation (putative driver)	Missense Mutation (putative driver)	Missense Mutation (putative driver)	Missense Mutation (putative driver)	Missense Mutation (putative driver)	Missense Mutation (putative driver)	Missense Mutation (putative driver)	Missense Mutation (putative driver)	Missense Mutation (putative driver)	Missense Mutation (putative driver)	Missense Mutation (putative driver)	Missense Mutation (putative driver)	Missense Mutation (putative driver)	Missense Mutation (putative driver)	Missense Mutation (putative driver)	Missense Mutation (putative driver)	Missense Mutation (putative driver)	Missense Mutation (putative driver)	Missense Mutation (putative driver)	Missense Mutation (putative driver)	Missense Mutation (putative driver)	Missense Mutation (putative driver)	Missense Mutation (putative driver)	Missense Mutation (putative driver)	Missense Mutation (putative driver)	Missense Mutation (putative driver)	Missense Mutation (putative driver)	Missense Mutation (putative driver)	Missense Mutation (putative driver)	Missense Mutation (putative driver)	Missense Mutation (putative driver)	Missense Mutation (putative driver)	Missense Mutation (putative driver)	Missense Mutation (putative driver)	Missense Mutation (putative driver)	Missense Mutation (putative driver)	Missense Mutation (putative driver)	Missense Mutation (putative driver)	Missense Mutation (putative driver)	Missense Mutation (putative driver)	Missense Mutation (putative driver)	Missense Mutation (putative driver)	Missense Mutation (putative driver)	Missense Mutation (putative driver)	Missense Mutation (putative driver)	Missense Mutation (putative driver)	Missense Mutation (putative driver)	Missense Mutation (putative driver)																																																																																							
CDH1	MUTATIONS																																																																Truncating mutation (putative driver)									Missense Mutation (putative driver)																																																																																																																						Missense Mutation (putative passenger)															Missense Mutation (putative passenger)																											Truncating mutation (putative driver)																									Truncating mutation (putative driver)	Truncating mutation (putative driver)	Inframe Mutation (putative passenger)	Missense Mutation (putative passenger)	Missense Mutation (putative passenger)																																																							Missense Mutation (putative passenger)	Missense Mutation (putative passenger)																																																																																				
MAPK3	MUTATIONS					Missense Mutation (putative passenger)																	Missense Mutation (putative passenger)																																										Missense Mutation (putative passenger)																										Missense Mutation (putative passenger)																					Missense Mutation (putative passenger)		Truncating mutation (putative passenger)																																																																Missense Mutation (putative passenger)																																																																																				Missense Mutation (putative passenger)					Missense Mutation (putative passenger)																																																																																																																																								
AKT2	MUTATIONS																																																																																																													Missense Mutation (putative passenger)																											Missense Mutation (putative passenger)																																											Missense Mutation (putative passenger)																																																							Missense Mutation (putative passenger)																																																																																																																																																																								
MIR-203/203A	MUTATIONS																																																																																																																																																																																																																																																																																																																																																																																																																		
MIR-34/34A	MUTATIONS																																																																																																																																																																																																																																																																																																																																																																																																																		
SNAI2	MUTATIONS																																																																																																																																																																																										Missense Mutation (putative passenger)																							Truncating mutation (putative passenger)																															Missense Mutation (putative passenger)																																											Missense Mutation (putative passenger)																																																																																																																							
TP73	MUTATIONS																																																																								Missense Mutation (putative passenger)																	Missense Mutation (putative passenger)																													Missense Mutation (putative passenger)																																																																																					Missense Mutation (putative passenger)																																																																																				Missense Mutation (putative passenger)																																										Missense Mutation (putative passenger)																																																																									
AKT1	MUTATIONS																																																																																									Missense Mutation (putative passenger)																																																																																																	Missense Mutation (putative passenger)																																																																																																																																																															Missense Mutation (putative driver)	Missense Mutation (putative passenger)																																																								
TP63	MUTATIONS																																																	Missense Mutation (putative passenger)							Missense Mutation (putative passenger)		Missense Mutation (putative passenger)		Missense Mutation (putative passenger)						Missense Mutation (putative passenger)						Missense Mutation (putative passenger)																Missense Mutation (putative passenger)																																																														Missense Mutation (putative passenger)																					Missense Mutation (putative passenger)							Missense Mutation (putative passenger)																																									Truncating mutation (putative driver)									Missense Mutation (putative passenger)																											Inframe Mutation (putative passenger)																Missense Mutation (putative passenger)																Missense Mutation (putative passenger)																																									Missense Mutation (putative passenger)																																																																										
ZEB2	MUTATIONS					Missense Mutation (putative passenger)															Missense Mutation (putative passenger)														Missense Mutation (putative passenger)																						Missense Mutation (putative passenger)											Truncating mutation (putative passenger)												Truncating mutation (putative passenger)																																												Missense Mutation (putative passenger)								Missense Mutation (putative passenger)																																Truncating mutation (putative passenger)																							Missense Mutation (putative passenger)																	Missense Mutation (putative passenger)						Missense Mutation (putative passenger)																																		Missense Mutation (putative passenger)																																																			Missense Mutation (putative passenger)	Missense Mutation (putative passenger)																																																							Missense Mutation (putative passenger)	Missense Mutation (putative passenger)	Missense Mutation (putative passenger)	Missense Mutation (putative passenger)																																																	
TGFBR1	MUTATIONS																																																																Truncating mutation (putative driver)					Truncating mutation (putative driver)					Truncating mutation (putative driver)							Missense Mutation (putative passenger)																																																																																		Truncating mutation (putative driver)																																																																																				Missense Mutation (putative passenger)																																																																																	Missense Mutation (putative passenger)																																Missense Mutation (putative passenger)																																										
ZEB1	MUTATIONS																																																																Missense Mutation (putative passenger)								Missense Mutation (putative passenger)																Missense Mutation (putative passenger)																									Missense Mutation (putative passenger)																																	Missense Mutation (putative passenger)																																																															Missense Mutation (putative passenger)																																																																								Missense Mutation (putative passenger)		Missense Mutation (putative passenger)																																				Missense Mutation (putative passenger)									Missense Mutation (putative passenger)			Missense Mutation (putative passenger)	Missense Mutation (putative passenger)											Missense Mutation (putative passenger)																				Missense Mutation (putative passenger)																																							
CDKN1A	MUTATIONS									Truncating mutation (putative driver)																																				Truncating mutation (putative driver)			Truncating mutation (putative driver)										Missense Mutation (putative passenger)				Truncating mutation (putative driver)	Truncating mutation (putative driver)																	Truncating mutation (putative driver)						Truncating mutation (putative driver)				Truncating mutation (putative driver)							Truncating mutation (putative driver)															Truncating mutation (putative driver)							Truncating mutation (putative driver)																		Truncating mutation (putative driver)															Truncating mutation (putative driver)												Truncating mutation (putative driver)											Truncating mutation (putative driver)				Missense Mutation (putative passenger)			Truncating mutation (putative driver)						Truncating mutation (putative driver)				Missense Mutation (putative passenger)				Truncating mutation (putative driver)		Truncating mutation (putative driver)							Truncating mutation (putative driver)						Truncating mutation (putative driver)			Truncating mutation (putative driver)			Truncating mutation (putative driver)													Truncating mutation (putative driver)		Truncating mutation (putative driver)									Truncating mutation (putative driver)																											Missense Mutation (putative passenger)																																																			Truncating mutation (putative driver)		Truncating mutation (putative driver)	Truncating mutation (putative driver)	Truncating mutation (putative driver)																			Truncating mutation (putative driver)			Truncating mutation (putative driver)	Missense Mutation (putative passenger)																			Truncating mutation (putative driver)	Truncating mutation (putative driver)																																				
TWIST1	MRNA	mRNA High																	mRNA High	mRNA High	mRNA High	mRNA High	mRNA High	mRNA High	mRNA High	mRNA High	mRNA High	mRNA High	mRNA High	mRNA High	mRNA High	mRNA High	mRNA High	mRNA High	mRNA High	mRNA High	mRNA High																																																																																																																																																																																																																																																																																																																																																																														
SNAI1	MRNA	mRNA High																	mRNA High	mRNA High	mRNA High	mRNA High																										mRNA High	mRNA High	mRNA High	mRNA High	mRNA High	mRNA High	mRNA High																																																																																																																																																																																																																																																																																																																																																													
MIR-200A/200A	MRNA																																																																																																																																																																																																																																																																																																																																																																																																																		
DKK1	MRNA																			mRNA High																																								mRNA High	mRNA High				mRNA High	mRNA High	mRNA High	mRNA High	mRNA High	mRNA High	mRNA High	mRNA High	mRNA High	mRNA High	mRNA High	mRNA High	mRNA High	mRNA High	mRNA High	mRNA High	mRNA High	mRNA High																																																																																																																																																																																																																																																																																																																																	
CDH2	MRNA				mRNA High												mRNA High			mRNA High					mRNA High																				mRNA High										mRNA High																																										mRNA High	mRNA High	mRNA High	mRNA High	mRNA High	mRNA High	mRNA High	mRNA High																																																																																																																																																																																																																																																																																																											
CTNNB1	MRNA																mRNA High			mRNA High	mRNA High						mRNA High																					mRNA High																			mRNA High	mRNA High	mRNA High																												mRNA High	mRNA High										mRNA High	mRNA High									mRNA High	mRNA High	mRNA High	mRNA High	mRNA High	mRNA High																																																																																																																																																																																																																																																																																								
NOTCH1	MRNA																												mRNA High																	mRNA High																	mRNA High					mRNA High		mRNA High																	mRNA High										mRNA High													mRNA High		mRNA High																											mRNA High	mRNA High	mRNA High	mRNA High	mRNA High	mRNA High	mRNA High	mRNA High	mRNA High	mRNA High	mRNA High																																																																																																																																																																																																																																																														
SMAD2	MRNA																		mRNA Low							mRNA High				mRNA Low										mRNA Low					mRNA Low					mRNA Low					mRNA High																mRNA High	mRNA Low												mRNA High			mRNA High												mRNA High						mRNA Low								mRNA High					mRNA High						mRNA Low															mRNA Low	mRNA High	mRNA High									mRNA Low				mRNA High	mRNA High	mRNA High	mRNA High	mRNA High	mRNA High	mRNA High	mRNA High	mRNA High	mRNA High	mRNA Low	mRNA Low	mRNA Low	mRNA Low	mRNA Low	mRNA Low	mRNA Low	mRNA Low	mRNA Low	mRNA Low	mRNA Low	mRNA Low	mRNA Low	mRNA Low	mRNA Low	mRNA Low	mRNA Low	mRNA Low	mRNA Low	mRNA Low																																																																																																																																																																																																																												
SMAD3	MRNA																																																																																																																														mRNA High																											mRNA High										mRNA High	mRNA High	mRNA High	mRNA High																						mRNA High	mRNA High	mRNA High	mRNA High	mRNA High	mRNA High	mRNA High	mRNA High	mRNA High	mRNA High	mRNA High	mRNA High	mRNA High	mRNA High																																																																																																																																																																																																									
SMAD4	MRNA							mRNA Low	mRNA High								mRNA High		mRNA Low							mRNA High	mRNA High													mRNA Low							mRNA Low			mRNA Low					mRNA High											mRNA High						mRNA Low	mRNA Low										mRNA Low		mRNA Low														mRNA High	mRNA High														mRNA Low										mRNA Low										mRNA High	mRNA High				mRNA Low	mRNA High	mRNA High		mRNA High	mRNA Low						mRNA Low		mRNA Low		mRNA High	mRNA High	mRNA High	mRNA High	mRNA High						mRNA Low				mRNA Low	mRNA Low	mRNA Low	mRNA Low	mRNA Low	mRNA Low	mRNA Low	mRNA Low	mRNA Low	mRNA Low																										mRNA Low		mRNA High	mRNA High	mRNA High	mRNA Low	mRNA Low	mRNA Low	mRNA Low	mRNA Low	mRNA Low	mRNA Low	mRNA Low	mRNA Low																																																																																																																																																																																											
VIM	MRNA																					mRNA High																																																																															mRNA High										mRNA High																																																																																																																			mRNA High	mRNA High	mRNA High																																																																																																																																																																															
TP53	MRNA														mRNA High															mRNA High																											mRNA High		mRNA High		mRNA Low																						mRNA High						mRNA High																																																			mRNA High	mRNA High																																																	mRNA Low																	mRNA Low							mRNA Low																mRNA Low			mRNA Low																							mRNA High																																																													mRNA High																																																																																						
CDH1	MRNA																															mRNA High							mRNA High																			mRNA High																																	mRNA High				mRNA High									mRNA High	mRNA High											mRNA High									mRNA High										mRNA High																		mRNA High																																				mRNA High				mRNA High													mRNA High									mRNA High									mRNA High											mRNA High																						mRNA High	mRNA High			mRNA High			mRNA High																																																								mRNA High	mRNA High	mRNA High																																																																																	
MAPK3	MRNA									mRNA High									mRNA High	mRNA High													mRNA High								mRNA High										mRNA High																																								mRNA High									mRNA High																																																																mRNA High					mRNA High		mRNA High								mRNA High																											mRNA High																			mRNA High											mRNA High	mRNA High																						mRNA High		mRNA High				mRNA High			mRNA High																																																							mRNA High	mRNA High			mRNA High	mRNA High																																																																											
AKT2	MRNA		mRNA High						mRNA Low				mRNA High			mRNA High		mRNA High								mRNA High	mRNA High			mRNA High											mRNA High	mRNA High			mRNA High		mRNA High			mRNA High											mRNA High			mRNA High			mRNA High								mRNA High															mRNA High		mRNA High				mRNA High				mRNA High							mRNA High						mRNA High	mRNA High		mRNA High		mRNA High	mRNA High													mRNA High		mRNA High					mRNA High					mRNA High		mRNA High	mRNA High	mRNA High									mRNA High		mRNA High										mRNA Low			mRNA Low		mRNA High					mRNA High						mRNA High		mRNA High							mRNA High	mRNA High	mRNA High												mRNA High						mRNA Low			mRNA High	mRNA Low		mRNA High				mRNA High						mRNA High							mRNA High	mRNA Low	mRNA Low																					mRNA High				mRNA Low				mRNA High	mRNA High	mRNA High	mRNA High	mRNA High	mRNA High	mRNA High	mRNA High	mRNA High	mRNA High	mRNA High	mRNA High																																									mRNA High	mRNA High						mRNA High		mRNA High	mRNA High	mRNA High	mRNA High	mRNA High	mRNA High	mRNA High	mRNA High	mRNA High	mRNA High	mRNA High	mRNA High	mRNA Low																																																														
MIR-203/203A	MRNA																																																																																																																																																																																																																																																																																																																																																																																																																		
MIR-34/34A	MRNA																																																																																																																																																																																																																																																																																																																																																																																																																		
SNAI2	MRNA													mRNA High															mRNA High											mRNA High																												mRNA High		mRNA High	mRNA High																										mRNA High				mRNA High																					mRNA High						mRNA High	mRNA High							mRNA High				mRNA High					mRNA High									mRNA High															mRNA High												mRNA High					mRNA High																					mRNA High				mRNA High																mRNA High															mRNA High	mRNA High																										mRNA High																mRNA High	mRNA High	mRNA High																																																								mRNA High																																																												
TP73	MRNA																																						mRNA High						mRNA High										mRNA High							mRNA High						mRNA High																															mRNA High													mRNA High																					mRNA High		mRNA High										mRNA High	mRNA High														mRNA High									mRNA High															mRNA High																																mRNA High																				mRNA High		mRNA High																																	mRNA High																		mRNA High	mRNA High	mRNA High																																																					mRNA High	mRNA High																																																										
AKT1	MRNA	mRNA Low			mRNA Low																																													mRNA High		mRNA High				mRNA Low					mRNA Low		mRNA Low								mRNA High	mRNA High							mRNA Low																							mRNA Low																														mRNA High																			mRNA High														mRNA High										mRNA High									mRNA Low													mRNA High	mRNA Low														mRNA High																																mRNA Low													mRNA Low					mRNA High																		mRNA High					mRNA High				mRNA High																															mRNA High											mRNA High																	mRNA High	mRNA High	mRNA High																																																					
TP63	MRNA																																										mRNA High																																												mRNA High																							mRNA High																		mRNA High	mRNA High			mRNA High									mRNA High		mRNA High	mRNA High	mRNA High				mRNA High		mRNA High	mRNA High		mRNA High									mRNA High																		mRNA High																																																mRNA High	mRNA High												mRNA High				mRNA High										mRNA High							mRNA High																										mRNA High	mRNA High			mRNA High	mRNA High																								mRNA High																																	mRNA High																																																				
ZEB2	MRNA																					mRNA High	mRNA High													mRNA High													mRNA High																																mRNA High																				mRNA High		mRNA High																																				mRNA High																																																																																							mRNA High	mRNA High																				mRNA High																										mRNA High																																																																																		mRNA High	mRNA High	mRNA High	mRNA High																																													
TGFBR1	MRNA																		mRNA High		mRNA High												mRNA High								mRNA High				mRNA High																																																											mRNA High																mRNA High								mRNA High																																																																															mRNA High																		mRNA High	mRNA High																																																												mRNA High									mRNA High																										mRNA High																																									mRNA High																																									
ZEB1	MRNA																						mRNA High				mRNA High																																																																																				mRNA High											mRNA High																																							mRNA High																																																																																						mRNA High																										mRNA High																								mRNA High	mRNA High																																											mRNA High														mRNA High	mRNA High									mRNA High																																						
CDKN1A	MRNA								mRNA High																				mRNA High																																	mRNA High	mRNA High				mRNA High																														mRNA High																														mRNA High		mRNA High								mRNA High								mRNA High											mRNA High																																																																					mRNA High		mRNA High																																																																								mRNA High																								mRNA High											mRNA High																																		mRNA High																																			
TWIST1	PROTEIN																																																																																																																																																																																																																																																																																																																																																																																																																		
SNAI1	PROTEIN																																																																																																																																																																																																																																																																																																																																																																																																																		
MIR-200A/200A	PROTEIN																																																																																																																																																																																																																																																																																																																																																																																																																		
DKK1	PROTEIN																																																																																																																																																																																																																																																																																																																																																																																																																		
CDH2	PROTEIN																																																																																																																																																																																																																																																																																																																																																																																																																		
CTNNB1	PROTEIN																																																																																																																																																																																																																																																																																																																																																																																																																		
NOTCH1	PROTEIN																																																																																																																																																																																																																																																																																																																																																																																																																		
SMAD2	PROTEIN																																																																																																																																																																																																																																																																																																																																																																																																																		
SMAD3	PROTEIN																																																																																																																																																																																																																																																																																																																																																																																																																		
SMAD4	PROTEIN																																																																																																																																																																																																																																																																																																																																																																																																																		
VIM	PROTEIN																																																																																																																																																																																																																																																																																																																																																																																																																		
TP53	PROTEIN																																																																																																																																																																																																																																																																																																																																																																																																																		
CDH1	PROTEIN																																																																																																																																																																																																																																																																																																																																																																																																																		
MAPK3	PROTEIN																																																																																																																																																																																																																																																																																																																																																																																																																		
AKT2	PROTEIN																																																																																																																																																																																																																																																																																																																																																																																																																		
MIR-203/203A	PROTEIN																																																																																																																																																																																																																																																																																																																																																																																																																		
MIR-34/34A	PROTEIN																																																																																																																																																																																																																																																																																																																																																																																																																		
SNAI2	PROTEIN																																																																																																																																																																																																																																																																																																																																																																																																																		
TP73	PROTEIN																																																																																																																																																																																																																																																																																																																																																																																																																		
AKT1	PROTEIN																																																																																																																																																																																																																																																																																																																																																																																																																		
TP63	PROTEIN																																																																																																																																																																																																																																																																																																																																																																																																																		
ZEB2	PROTEIN																																																																																																																																																																																																																																																																																																																																																																																																																		
TGFBR1	PROTEIN																																																																																																																																																																																																																																																																																																																																																																																																																		
ZEB1	PROTEIN																																																																																																																																																																																																																																																																																																																																																																																																																		
CDKN1A	PROTEIN																																																																																																																																																																																																																																																																																																																																																																																																																		
TWIST1	FUSION																																																																																																																																																																																																																																																																																																																																																																																																																		
SNAI1	FUSION																																																																																																																																																																																																																																																																																																																																																																																																																		
MIR-200A/200A	FUSION																																																																																																																																																																																																																																																																																																																																																																																																																		
DKK1	FUSION																																																																																																																																																																																																																																																																																																																																																																																																																		
CDH2	FUSION																																																																																																																																																																																																																																																																																																																																																																																																																		
CTNNB1	FUSION																																																																																																								Fusion																																																																																																																																																																																																																																																																																																										
NOTCH1	FUSION																																																																																																																																																																																																																																																																																																																																																																																																																		
SMAD2	FUSION																																																																																																																																																																																																																																																																																																																																																																																																																		
SMAD3	FUSION																																																																																																																																																																																																																																																																																																																																																																																																																		
SMAD4	FUSION																																																																																																																																																																																																																																																																																																																																																																																																																		
VIM	FUSION																																																																																																																																																																																																																																																																																																																																																																																																																		
TP53	FUSION																																																																																																																						Fusion																																																																																																																																																																																																																																																																																												
CDH1	FUSION																																																																																																																																																																																																																																																																																																																																																																																																																		
MAPK3	FUSION																																																																																																																					Fusion																																																																																																																																																																																																																																																																																													
AKT2	FUSION																																																																																																																																																																																																																																																																																																																																																																																																																		
MIR-203/203A	FUSION																																																																																																																																																																																																																																																																																																																																																																																																																		
MIR-34/34A	FUSION																																																																																																																																																																																																																																																																																																																																																																																																																		
SNAI2	FUSION																																																																																																																																																																																																																																																																																																																																																																																																																		
TP73	FUSION																																																																																																																																																																																																																																																																																																																																																																																																																		
AKT1	FUSION																																																																																																																																																																																																																																																																																																																																																																																																																		
TP63	FUSION																																																																																																																																																																																																																																																																																																																																																																																																																		
ZEB2	FUSION																																																																																																																																																																																																																																																																																																																																																																																																																		
TGFBR1	FUSION																																																																																																																																																																																																																																																																																																																																																																																																																		
ZEB1	FUSION																																																																																																																																																																																																																																																																																																																																																																																																																		
CDKN1A	FUSION																																																																																																																																																																																																																																																																																																																																																																																																																		
