track_name	track_type	TCGA-FP-8631	TCGA-R5-A7O7	TCGA-CD-A489	TCGA-D7-8575	TCGA-BR-A4QI	TCGA-BR-7703	TCGA-BR-6458	TCGA-HU-A4GT	TCGA-BR-8361	TCGA-R5-A7ZI	TCGA-RD-A8MW	TCGA-VQ-A8E2	TCGA-B7-5816	TCGA-ZQ-A9CR	TCGA-KB-A93G	TCGA-D7-6519	TCGA-F1-A448	TCGA-D7-A6EX	TCGA-BR-6566	TCGA-CD-8536	TCGA-CG-5719	TCGA-BR-6564	TCGA-D7-6518	TCGA-BR-A4IY	TCGA-BR-A4J9	TCGA-RD-A7BW	TCGA-BR-8059	TCGA-VQ-A91Q	TCGA-BR-8365	TCGA-BR-8380	TCGA-BR-6706	TCGA-VQ-AA6D	TCGA-FP-A4BF	TCGA-HU-A4H5	TCGA-BR-8589	TCGA-D7-A6EZ	TCGA-CG-4449	TCGA-BR-4366	TCGA-VQ-A922	TCGA-BR-A452	TCGA-CD-5804	TCGA-D7-A6EV	TCGA-BR-8289	TCGA-CD-8529	TCGA-IN-A7NU	TCGA-BR-7716	TCGA-B7-A5TN	TCGA-VQ-A91Y	TCGA-VQ-A8PH	TCGA-CG-5732	TCGA-BR-4191	TCGA-BR-4256	TCGA-BR-4292	TCGA-VQ-A8PP	TCGA-VQ-A94U	TCGA-BR-7196	TCGA-CG-5734	TCGA-IN-A7NT	TCGA-CD-5798	TCGA-HU-8243	TCGA-D7-6524	TCGA-CG-5725	TCGA-BR-8295	TCGA-BR-6709	TCGA-BR-A4J1	TCGA-MX-A663	TCGA-BR-6705	TCGA-BR-8678	TCGA-BR-A4IZ	TCGA-BR-6457	TCGA-VQ-A8DZ	TCGA-CD-8528	TCGA-IN-A6RN	TCGA-VQ-A8P3	TCGA-CD-5799	TCGA-BR-8484	TCGA-IN-A7NR	TCGA-HU-A4G3	TCGA-D7-8572	TCGA-RD-A8MV	TCGA-HU-A4GU	TCGA-HU-A4GX	TCGA-VQ-A8P2	TCGA-VQ-A8PD	TCGA-BR-7707	TCGA-B7-5818	TCGA-CD-A48A	TCGA-CG-5723	TCGA-HU-A4GP	TCGA-HU-8244	TCGA-BR-6852	TCGA-BR-8485	TCGA-IN-8462	TCGA-VQ-A8DV	TCGA-CG-5724	TCGA-CD-8524	TCGA-RD-A7BS	TCGA-VQ-A91N	TCGA-R5-A805	TCGA-KB-A6F7	TCGA-HU-A4H4	TCGA-BR-8297	TCGA-CG-4301	TCGA-FP-8211	TCGA-D7-6822	TCGA-BR-6452	TCGA-HU-8604	TCGA-VQ-AA68	TCGA-VQ-AA6G	TCGA-VQ-A8PX	TCGA-CG-4477	TCGA-BR-8369	TCGA-VQ-A91V	TCGA-CD-A4MG	TCGA-D7-A4Z0	TCGA-VQ-A94O	TCGA-BR-8060	TCGA-BR-4294	TCGA-D7-6817	TCGA-D7-A4YX	TCGA-D7-6527	TCGA-HU-8249	TCGA-D7-8573	TCGA-VQ-AA69	TCGA-VQ-A91W	TCGA-HU-A4G6	TCGA-HF-7134	TCGA-BR-A4J6	TCGA-BR-4362	TCGA-VQ-A91K	TCGA-CG-4462	TCGA-CG-4469	TCGA-CG-5721	TCGA-BR-A4J5	TCGA-HU-8602	TCGA-BR-8680	TCGA-D7-A747	TCGA-BR-4280	TCGA-VQ-A91Z	TCGA-BR-7723	TCGA-CG-4443	TCGA-BR-4371	TCGA-IN-8663	TCGA-BR-8373	TCGA-VQ-A8DU	TCGA-IN-7808	TCGA-CD-8535	TCGA-D7-A4YT	TCGA-D7-A4YV	TCGA-VQ-A91E	TCGA-VQ-A91D	TCGA-B7-A5TI	TCGA-R5-A7ZE	TCGA-VQ-A924	TCGA-CG-4442	TCGA-BR-4361	TCGA-HJ-7597	TCGA-CD-A486	TCGA-RD-A8NB	TCGA-CG-4465	TCGA-BR-8078	TCGA-BR-A4J7	TCGA-CG-5726	TCGA-HU-A4G8	TCGA-CG-4305	TCGA-F1-6875	TCGA-CG-5718	TCGA-VQ-A928	TCGA-BR-7197	TCGA-D7-6820	TCGA-VQ-A8E7	TCGA-F1-6177	TCGA-D7-8574	TCGA-CD-5800	TCGA-HU-A4G2	TCGA-HU-A4GD	TCGA-CG-4444	TCGA-BR-A4QL	TCGA-BR-7851	TCGA-HU-A4H3	TCGA-D7-A4YY	TCGA-BR-A4PF	TCGA-VQ-A8PB	TCGA-BR-4257	TCGA-BR-4370	TCGA-CG-4306	TCGA-D7-A74A	TCGA-VQ-A8E0	TCGA-D7-6525	TCGA-VQ-A92D	TCGA-BR-A44U	TCGA-VQ-A8P5	TCGA-R5-A7ZF	TCGA-D7-6526	TCGA-VQ-A8PE	TCGA-CD-8526	TCGA-D7-5577	TCGA-CD-5801	TCGA-D7-6521	TCGA-BR-A4CS	TCGA-CD-8533	TCGA-RD-A8N1	TCGA-BR-8677	TCGA-VQ-A925	TCGA-BR-8364	TCGA-CG-4441	TCGA-BR-7958	TCGA-BR-8058	TCGA-BR-8366	TCGA-FP-8099	TCGA-IN-A6RJ	TCGA-BR-A4J4	TCGA-FP-7829	TCGA-BR-8487	TCGA-3M-AB46	TCGA-VQ-A94R	TCGA-BR-8483	TCGA-BR-8683	TCGA-HU-A4H2	TCGA-R5-A7ZR	TCGA-HF-7136	TCGA-CG-4304	TCGA-D7-6815	TCGA-BR-8372	TCGA-CD-5803	TCGA-BR-4267	TCGA-BR-7722	TCGA-VQ-A91U	TCGA-BR-4279	TCGA-VQ-A8PU	TCGA-F1-A72C	TCGA-BR-A4CR	TCGA-FP-8209	TCGA-RD-A8N2	TCGA-CD-8525	TCGA-IN-A6RI	TCGA-IN-A6RL	TCGA-CD-8527	TCGA-D7-6528	TCGA-BR-A4QM	TCGA-CG-4440	TCGA-CD-8531	TCGA-D7-6522	TCGA-BR-6563	TCGA-CD-A4MI	TCGA-IN-A6RO	TCGA-BR-6801	TCGA-D7-6818	TCGA-VQ-A8PM	TCGA-D7-A4YU	TCGA-RD-A8N6	TCGA-KB-A93J	TCGA-BR-A4PD	TCGA-HU-8238	TCGA-KB-A93H	TCGA-CG-4438	TCGA-IN-A6RR	TCGA-HF-7132	TCGA-BR-8679	TCGA-BR-A4J8	TCGA-BR-4363	TCGA-BR-8081	TCGA-BR-8486	TCGA-BR-8682	TCGA-BR-8690	TCGA-CD-A4MH	TCGA-CG-4436	TCGA-CG-4466	TCGA-EQ-8122	TCGA-HU-A4GC	TCGA-HU-A4HD	TCGA-IP-7968	TCGA-RD-A8N9	TCGA-SW-A7EB	TCGA-VQ-A8DT	TCGA-VQ-A8E3	TCGA-VQ-A8PC	TCGA-VQ-A8PJ	TCGA-B7-A5TJ	TCGA-BR-8077	TCGA-VQ-A91S	TCGA-BR-4255	TCGA-CD-A487	TCGA-BR-6803	TCGA-F1-6874	TCGA-D7-A6F0	TCGA-D7-6520	TCGA-FP-7735	TCGA-HU-A4GN	TCGA-HU-A4GQ	TCGA-D7-5578	TCGA-BR-6565	TCGA-D7-8578	TCGA-CG-5717	TCGA-BR-A4PE	TCGA-D7-A6F2	TCGA-HU-A4GF	TCGA-BR-8590	TCGA-MX-A666	TCGA-BR-7901	TCGA-BR-4357	TCGA-BR-7715	TCGA-FP-A9TM	TCGA-VQ-A94P	TCGA-CD-8530	TCGA-BR-8286	TCGA-BR-A4IU	TCGA-BR-6456	TCGA-BR-8296	TCGA-CD-A48C	TCGA-D7-8576	TCGA-HU-A4GH	TCGA-IN-A6RS	TCGA-IN-7806	TCGA-VQ-A8PK	TCGA-VQ-AA6A	TCGA-VQ-AA6B	TCGA-VQ-AA6I	TCGA-VQ-A91X	TCGA-VQ-A923	TCGA-BR-8080	TCGA-CG-5722	TCGA-CD-8534	TCGA-BR-7717	TCGA-VQ-A91A	TCGA-D7-A748	TCGA-3M-AB47	TCGA-FP-A8CX	TCGA-MX-A5UG	TCGA-FP-8210	TCGA-BR-A4IV	TCGA-BR-8592	TCGA-BR-4187	TCGA-VQ-A8PO	TCGA-BR-A453	TCGA-BR-A44T	TCGA-BR-8686	TCGA-CG-4474	TCGA-D7-A6EY	TCGA-BR-6454	TCGA-RD-A8N4	TCGA-CG-5720	TCGA-BR-8382	TCGA-D7-8570	TCGA-HU-A4H0	TCGA-HU-8610	TCGA-VQ-A927	TCGA-BR-4368	TCGA-BR-8591	TCGA-BR-4201	TCGA-RD-A8N5	TCGA-CD-A4MJ	TCGA-BR-8363	TCGA-BR-6455	TCGA-CG-4437	TCGA-HF-A5NB	TCGA-BR-A4J2	TCGA-BR-6802	TCGA-IN-AB1V	TCGA-BR-4253	TCGA-RD-A7BT	TCGA-D7-8579	TCGA-BR-8384	TCGA-BR-7957	TCGA-BR-8291	TCGA-HU-A4GY	TCGA-RD-A8N0	TCGA-VQ-A8PQ	TCGA-VQ-A8P8	TCGA-IN-AB1X	TCGA-B7-A5TK	TCGA-BR-7959	TCGA-VQ-A94T	TCGA-SW-A7EA	TCGA-BR-4369	TCGA-BR-6453	TCGA-BR-6707	TCGA-BR-7704	TCGA-BR-8284	TCGA-BR-8367	TCGA-BR-8368	TCGA-BR-8371	TCGA-BR-8381	TCGA-BR-8588	TCGA-BR-8676	TCGA-BR-8687	TCGA-CD-8532	TCGA-CG-4475	TCGA-CG-4476	TCGA-EQ-A4SO	TCGA-FP-7916	TCGA-FP-7998	TCGA-HF-7133	TCGA-HU-A4G9	TCGA-HU-A4GJ	TCGA-HU-A4H6	TCGA-HU-A4H8	TCGA-HU-A4HB	TCGA-HU-8608	TCGA-MX-A5UJ	TCGA-RD-A7C1	TCGA-VQ-A8PF	TCGA-VQ-AA6F	TCGA-VQ-AA6J	TCGA-VQ-AA6K	TCGA-VQ-AA64	TCGA-ZA-A8F6
TWIST1	CNA	Amplification	Amplification	Amplification	Amplification	Amplification	Amplification	Amplification																																																																																																																																																																																																																																																																																																																																																																																																																
SNAI1	CNA	Amplification										Amplification																					Amplification	Amplification	Amplification	Amplification	Amplification	Amplification	Amplification	Amplification	Amplification	Amplification	Amplification	Amplification	Amplification	Amplification	Amplification	Amplification	Amplification	Amplification	Amplification	Amplification																																																																																																																																																																																																																																																																																																																																																																				
MIR-200A/200A	CNA																																Amplification																					Deep Deletion				Deep Deletion																	Amplification	Amplification	Amplification	Amplification	Deep Deletion	Deep Deletion	Deep Deletion																																																																																																																																																																																																																																																																																																																																							
DKK1	CNA																																																																																	Amplification	Deep Deletion																																																																																																																																																																																																																																																																																																																																					
CDH2	CNA																																																											Deep Deletion																																		Amplification					Amplification	Amplification	Amplification	Deep Deletion	Deep Deletion	Deep Deletion																																																																																																																																																																																																																																																																																																																
CTNNB1	CNA																																																										Amplification									Amplification																																																				Amplification	Amplification	Amplification	Deep Deletion																																																																																																																																																																																																																																																																																													
NOTCH1	CNA																																					Amplification	Amplification																																																												Amplification																																																Amplification	Amplification	Amplification																																																																																																																																																																																																																																																																			
SMAD2	CNA																																																																																																					Deep Deletion																																																																									Deep Deletion	Deep Deletion	Deep Deletion																																																																																																																																																																																																																																							
SMAD3	CNA																					Amplification																Amplification																																																														Amplification																																																																																																									Deep Deletion	Amplification	Deep Deletion																																																																																																																																																																																																									
SMAD4	CNA																																Deep Deletion	Deep Deletion	Deep Deletion			Amplification																																																		Deep Deletion												Deep Deletion		Deep Deletion								Deep Deletion																																	Deep Deletion																Deep Deletion									Deep Deletion							Deep Deletion	Deep Deletion	Deep Deletion															Deep Deletion															Deep Deletion							Deep Deletion	Deep Deletion	Deep Deletion	Deep Deletion	Deep Deletion	Deep Deletion	Deep Deletion	Deep Deletion	Deep Deletion	Deep Deletion																																																																																																																																																																																									
VIM	CNA																							Amplification																																																										Amplification																		Amplification																																																																					Deep Deletion																																																																			Deep Deletion																																																																																																																																																																												
TP53	CNA																																																																																																																																											Deep Deletion																		Deep Deletion																																										Deep Deletion					Amplification																																										Deep Deletion	Deep Deletion																																																																																																																																																																
CDH1	CNA																																																																																																																																																																																														Amplification																																			Deep Deletion																							Deep Deletion	Deep Deletion																																		Deep Deletion																																										Deep Deletion																																																																																		
MAPK3	CNA																																																																																																																																																																																																												Amplification																																																																																																																																																																																																											
AKT2	CNA																																	Amplification																																													Deep Deletion																																																																					Amplification														Amplification																																	Amplification																										Amplification																																																																																																																																																																																											
MIR-203/203A	CNA																																																																																																																																																																																																												Amplification																																																																																																																																																																																																											
MIR-34/34A	CNA																																Amplification										Amplification																																	Amplification	Amplification			Deep Deletion																																																															Deep Deletion																																																																									Amplification																																																																			Deep Deletion																																																																																																																													
SNAI2	CNA																																																																																																																									Amplification																																																																																																				Amplification																																			Deep Deletion																								Amplification														Amplification																																			Amplification																	Amplification	Amplification																																																												
TP73	CNA		Deep Deletion																														Amplification																					Deep Deletion																						Amplification	Amplification	Amplification	Deep Deletion	Deep Deletion																																																																																																																															Deep Deletion																																																																																																																																																																																																									
AKT1	CNA																																																																																																																																																																																														Deep Deletion																																																																																																																																																																																																																									
TP63	CNA																Amplification											Amplification	Amplification											Amplification								Amplification																					Deep Deletion					Amplification			Amplification																					Amplification							Amplification																																Deep Deletion			Amplification	Amplification																																																																			Amplification																															Amplification																			Amplification																													Amplification												Amplification																																																									Amplification																																																				
ZEB2	CNA																																																																																																																																																							Deep Deletion																																																																																																																																																																																															Deep Deletion																																																																	
TGFBR1	CNA																																																																																																								Deep Deletion																																																																																																																																																																																																																																																																									Deep Deletion																																						
ZEB1	CNA																							Amplification																			Amplification																																																																																																																														Deep Deletion																																																																							Amplification																																											Amplification																																											Amplification																																																																																		
CDKN1A	CNA																																																																																																		Amplification											Amplification												Amplification						Deep Deletion																													Deep Deletion																																																Amplification																																																																																											Amplification																																																																																																																
TWIST1	MUTATIONS								Missense Mutation (putative passenger)	Missense Mutation (putative passenger)	Missense Mutation (putative passenger)																																																																																																																																																																																																																																																																																																																																																																																																													
SNAI1	MUTATIONS																																																				Missense Mutation (putative passenger)	Missense Mutation (putative passenger)	Missense Mutation (putative passenger)	Missense Mutation (putative passenger)	Missense Mutation (putative passenger)																																																																																																																																																																																																																																																																																																																																																															
MIR-200A/200A	MUTATIONS																																																																																																																																																																																																																																																																																																																																																																																																																							
DKK1	MUTATIONS																																	Truncating mutation (putative passenger)																																																		Truncating mutation (putative passenger)	Truncating mutation (putative passenger)	Missense Mutation (putative passenger)	Missense Mutation (putative passenger)	Missense Mutation (putative passenger)	Missense Mutation (putative passenger)	Missense Mutation (putative passenger)	Missense Mutation (putative passenger)	Missense Mutation (putative passenger)	Missense Mutation (putative passenger)																																																																																																																																																																																																																																																																																																																											
CDH2	MUTATIONS								Truncating mutation (putative passenger)									Missense Mutation (putative passenger)																																			Missense Mutation (putative passenger)								Truncating mutation (putative passenger)	Missense Mutation (putative passenger)													Missense Mutation (putative passenger)				Missense Mutation (putative passenger)																										Truncating mutation (putative passenger)	Missense Mutation (putative passenger)	Missense Mutation (putative passenger)	Missense Mutation (putative passenger)	Missense Mutation (putative passenger)	Missense Mutation (putative passenger)	Missense Mutation (putative passenger)	Missense Mutation (putative passenger)	Missense Mutation (putative passenger)	Missense Mutation (putative passenger)	Missense Mutation (putative passenger)	Missense Mutation (putative passenger)																																																																																																																																																																																																																																																																																																				
CTNNB1	MUTATIONS													Truncating mutation (putative passenger)					Missense Mutation (putative driver)	Missense Mutation (putative passenger)															Missense Mutation (putative driver)	Missense Mutation (putative driver)	Missense Mutation (putative driver)																									Missense Mutation (putative passenger)																						Missense Mutation (putative driver)		Truncating mutation (putative passenger)																				Missense Mutation (putative driver)	Truncating mutation (putative passenger)																	Inframe Mutation (putative driver)	Missense Mutation (putative driver)	Missense Mutation (putative driver)	Missense Mutation (putative driver)	Missense Mutation (putative driver)	Missense Mutation (putative driver)	Truncating mutation (putative passenger)	Truncating mutation (putative passenger)	Truncating mutation (putative passenger)	Truncating mutation (putative passenger)	Truncating mutation (putative passenger)	Truncating mutation (putative passenger)	Missense Mutation (putative passenger)	Missense Mutation (putative passenger)	Missense Mutation (putative passenger)																																																																																																																																																																																																																																																																														
NOTCH1	MUTATIONS													Missense Mutation (putative passenger)				Missense Mutation (putative passenger)			Missense Mutation (putative driver)																																																															Missense Mutation (putative passenger)		Missense Mutation (putative passenger)																																									Missense Mutation (putative passenger)			Truncating mutation (putative driver)	Missense Mutation (putative passenger)					Missense Mutation (putative driver)			Truncating mutation (putative driver)											Truncating mutation (putative driver)	Truncating mutation (putative driver)	Truncating mutation (putative driver)	Missense Mutation (putative driver)	Missense Mutation (putative driver)	Missense Mutation (putative passenger)	Missense Mutation (putative passenger)	Missense Mutation (putative passenger)	Missense Mutation (putative passenger)	Missense Mutation (putative passenger)	Missense Mutation (putative passenger)	Missense Mutation (putative passenger)	Missense Mutation (putative passenger)	Missense Mutation (putative passenger)	Missense Mutation (putative passenger)	Missense Mutation (putative passenger)	Missense Mutation (putative passenger)																																																																																																																																																																																																																																																		
SMAD2	MUTATIONS																	Truncating mutation (putative driver)																																																																																										Truncating mutation (putative driver)																								Truncating mutation (putative driver)											Truncating mutation (putative driver)																																			Missense Mutation (putative driver)	Missense Mutation (putative passenger)	Missense Mutation (putative passenger)	Missense Mutation (putative passenger)																																																																																																																																																																																																																																			
SMAD3	MUTATIONS																																																																																																										Missense Mutation (putative passenger)																																																		Missense Mutation (putative passenger)																						Missense Mutation (putative passenger)									Missense Mutation (putative passenger)																				Missense Mutation (putative driver)	Missense Mutation (putative passenger)																																																																																																																																																																																																							
SMAD4	MUTATIONS									Truncating mutation (putative driver)												Missense Mutation (putative driver)	Inframe Mutation (putative driver)																			Missense Mutation (putative driver)	Missense Mutation (putative passenger)		Missense Mutation (putative driver)																Missense Mutation (putative driver)															Inframe Mutation (putative driver)																		Missense Mutation (putative driver)							Missense Mutation (putative driver)	Missense Mutation (putative driver)									Missense Mutation (putative driver)																		Missense Mutation (putative driver)		Missense Mutation (putative passenger)		Missense Mutation (putative passenger)																																											Missense Mutation (putative driver)																	Truncating mutation (putative driver)	Missense Mutation (putative driver)														Missense Mutation (putative passenger)		Missense Mutation (putative driver)				Missense Mutation (putative driver)	Missense Mutation (putative passenger)									Truncating mutation (putative driver)	Truncating mutation (putative driver)	Inframe Mutation (putative driver)	Missense Mutation (putative driver)	Missense Mutation (putative driver)	Missense Mutation (putative driver)	Missense Mutation (putative driver)	Missense Mutation (putative driver)	Missense Mutation (putative passenger)																																																																																																																																																																																
VIM	MUTATIONS			Missense Mutation (putative passenger)																																									Missense Mutation (putative passenger)									Missense Mutation (putative passenger)																												Missense Mutation (putative passenger)																																																	Missense Mutation (putative passenger)						Missense Mutation (putative passenger)	Missense Mutation (putative passenger)																																										Missense Mutation (putative passenger)																																			Truncating mutation (putative passenger)										Missense Mutation (putative passenger)															Missense Mutation (putative passenger)	Missense Mutation (putative passenger)																																																																																																																																																																							
TP53	MUTATIONS	Missense Mutation (putative driver)	Missense Mutation (putative driver)	Missense Mutation (putative driver)		Missense Mutation (putative driver)	Missense Mutation (putative driver)	Missense Mutation (putative driver)		Missense Mutation (putative driver)		Missense Mutation (putative driver)	Missense Mutation (putative driver)		Truncating mutation (putative driver)	Missense Mutation (putative driver)			Missense Mutation (putative driver)					Missense Mutation (putative driver)	Missense Mutation (putative driver)									Missense Mutation (putative driver)				Missense Mutation (putative driver)	Truncating mutation (putative driver)	Missense Mutation (putative driver)	Missense Mutation (putative driver)	Missense Mutation (putative driver)	Missense Mutation (putative driver)	Missense Mutation (putative driver)		Missense Mutation (putative driver)	Missense Mutation (putative driver)	Missense Mutation (putative driver)	Missense Mutation (putative driver)	Missense Mutation (putative driver)			Missense Mutation (putative driver)	Missense Mutation (putative driver)	Missense Mutation (putative passenger)	Truncating mutation (putative driver)		Truncating mutation (putative driver)	Missense Mutation (putative driver)		Missense Mutation (putative driver)			Inframe Mutation (putative driver)					Truncating mutation (putative driver)		Truncating mutation (putative driver)	Missense Mutation (putative driver)	Missense Mutation (putative driver)			Missense Mutation (putative driver)	Missense Mutation (putative driver)	Missense Mutation (putative driver)				Inframe Mutation (putative driver)	Missense Mutation (putative passenger)	Missense Mutation (putative driver)		Inframe Mutation (putative driver)	Truncating mutation (putative driver)		Missense Mutation (putative driver)	Missense Mutation (putative driver)	Missense Mutation (putative driver)			Truncating mutation (putative driver)	Truncating mutation (putative driver)		Truncating mutation (putative driver)		Truncating mutation (putative driver)			Missense Mutation (putative driver)	Missense Mutation (putative driver)			Truncating mutation (putative driver)		Truncating mutation (putative driver)	Truncating mutation (putative driver)	Missense Mutation (putative driver)	Missense Mutation (putative driver)	Truncating mutation (putative driver)	Truncating mutation (putative driver)	Missense Mutation (putative driver)			Missense Mutation (putative driver)	Inframe Mutation (putative driver)		Missense Mutation (putative driver)		Truncating mutation (putative driver)											Truncating mutation (putative driver)	Missense Mutation (putative driver)						Missense Mutation (putative driver)	Truncating mutation (putative driver)					Missense Mutation (putative driver)	Missense Mutation (putative driver)	Truncating mutation (putative driver)			Missense Mutation (putative driver)		Truncating mutation (putative driver)	Missense Mutation (putative driver)			Missense Mutation (putative driver)	Truncating mutation (putative driver)	Inframe Mutation (putative driver)	Truncating mutation (putative driver)							Truncating mutation (putative driver)	Truncating mutation (putative driver)		Truncating mutation (putative driver)	Missense Mutation (putative driver)	Missense Mutation (putative driver)			Missense Mutation (putative driver)		Missense Mutation (putative driver)	Missense Mutation (putative driver)			Truncating mutation (putative driver)		Truncating mutation (putative driver)						Truncating mutation (putative driver)	Truncating mutation (putative driver)		Missense Mutation (putative driver)	Truncating mutation (putative driver)	Truncating mutation (putative driver)	Truncating mutation (putative driver)	Truncating mutation (putative driver)	Missense Mutation (putative driver)			Missense Mutation (putative driver)	Missense Mutation (putative driver)	Missense Mutation (putative driver)	Missense Mutation (putative driver)		Truncating mutation (putative driver)						Missense Mutation (putative driver)			Missense Mutation (putative driver)	Missense Mutation (putative driver)	Truncating mutation (putative driver)	Truncating mutation (putative driver)	Truncating mutation (putative driver)	Truncating mutation (putative driver)	Truncating mutation (putative driver)				Missense Mutation (putative driver)					Truncating mutation (putative driver)			Missense Mutation (putative driver)	Missense Mutation (putative driver)			Missense Mutation (putative driver)	Missense Mutation (putative driver)	Missense Mutation (putative driver)		Missense Mutation (putative driver)		Truncating mutation (putative driver)	Missense Mutation (putative driver)						Truncating mutation (putative driver)	Truncating mutation (putative driver)	Truncating mutation (putative driver)	Truncating mutation (putative driver)	Truncating mutation (putative driver)	Truncating mutation (putative driver)	Truncating mutation (putative driver)	Truncating mutation (putative driver)	Truncating mutation (putative driver)	Truncating mutation (putative driver)	Truncating mutation (putative driver)	Truncating mutation (putative driver)	Truncating mutation (putative driver)	Truncating mutation (putative driver)	Truncating mutation (putative driver)	Truncating mutation (putative driver)	Truncating mutation (putative driver)	Truncating mutation (putative driver)	Truncating mutation (putative driver)	Truncating mutation (putative driver)	Truncating mutation (putative driver)	Truncating mutation (putative driver)	Truncating mutation (putative driver)	Truncating mutation (putative driver)	Truncating mutation (putative driver)	Truncating mutation (putative driver)	Truncating mutation (putative driver)	Truncating mutation (putative driver)	Truncating mutation (putative driver)	Truncating mutation (putative driver)	Truncating mutation (putative driver)	Inframe Mutation (putative driver)	Missense Mutation (putative driver)	Missense Mutation (putative driver)	Missense Mutation (putative driver)	Missense Mutation (putative driver)	Missense Mutation (putative driver)	Missense Mutation (putative driver)	Missense Mutation (putative driver)	Missense Mutation (putative driver)	Missense Mutation (putative driver)	Missense Mutation (putative driver)	Missense Mutation (putative driver)	Missense Mutation (putative driver)	Missense Mutation (putative driver)	Missense Mutation (putative driver)	Missense Mutation (putative driver)	Missense Mutation (putative driver)	Missense Mutation (putative driver)	Missense Mutation (putative driver)	Missense Mutation (putative driver)	Missense Mutation (putative driver)	Missense Mutation (putative driver)	Missense Mutation (putative driver)	Missense Mutation (putative driver)	Missense Mutation (putative driver)	Missense Mutation (putative driver)	Missense Mutation (putative driver)	Missense Mutation (putative driver)	Missense Mutation (putative driver)	Missense Mutation (putative driver)	Missense Mutation (putative driver)	Missense Mutation (putative driver)	Missense Mutation (putative driver)	Missense Mutation (putative driver)	Missense Mutation (putative driver)	Missense Mutation (putative driver)	Missense Mutation (putative driver)	Missense Mutation (putative driver)	Missense Mutation (putative driver)	Missense Mutation (putative driver)	Missense Mutation (putative driver)	Missense Mutation (putative driver)	Missense Mutation (putative passenger)																																																																																						
CDH1	MUTATIONS																			Truncating mutation (putative driver)				Missense Mutation (putative driver)		Truncating mutation (putative driver)																												Missense Mutation (putative passenger)																						Missense Mutation (putative passenger)				Missense Mutation (putative passenger)																											Missense Mutation (putative passenger)				Missense Mutation (putative passenger)				Missense Mutation (putative passenger)																Missense Mutation (putative passenger)																Missense Mutation (putative passenger)						Truncating mutation (putative driver)		Missense Mutation (putative passenger)																			Truncating mutation (putative driver)																														Inframe Mutation (putative passenger)		Missense Mutation (putative passenger)			Missense Mutation (putative driver)																					Truncating mutation (putative driver)											Missense Mutation (putative passenger)			Truncating mutation (putative driver)							Missense Mutation (putative passenger)																																		Missense Mutation (putative driver)	Missense Mutation (putative passenger)																																									Truncating mutation (putative driver)	Truncating mutation (putative driver)	Missense Mutation (putative driver)	Missense Mutation (putative driver)	Missense Mutation (putative driver)	Missense Mutation (putative driver)	Missense Mutation (putative driver)	Inframe Mutation (putative passenger)	Missense Mutation (putative passenger)	Missense Mutation (putative passenger)	Missense Mutation (putative passenger)	Missense Mutation (putative passenger)	Missense Mutation (putative passenger)	Missense Mutation (putative passenger)																																																																				
MAPK3	MUTATIONS																				Missense Mutation (putative passenger)																																																																	Truncating mutation (putative passenger)			Missense Mutation (putative passenger)																																																																							Missense Mutation (putative passenger)																																																																																													Truncating mutation (putative passenger)																																																																																																																																																											
AKT2	MUTATIONS						Missense Mutation (putative passenger)																																															Missense Mutation (putative passenger)																													Missense Mutation (putative passenger)	Missense Mutation (putative passenger)																																																																				Missense Mutation (putative passenger)																																																																																																																																										Missense Mutation (putative passenger)	Missense Mutation (putative passenger)																																																					Missense Mutation (putative passenger)																																																																
MIR-203/203A	MUTATIONS																																																																																																																																																																																																																																																																																																																																																																																																																							
MIR-34/34A	MUTATIONS																																																																																																																																																																																																																																																																																																																																																																																																																							
SNAI2	MUTATIONS								Missense Mutation (putative passenger)																																																																																												Missense Mutation (putative passenger)					Missense Mutation (putative passenger)	Missense Mutation (putative passenger)																														Missense Mutation (putative passenger)																										Missense Mutation (putative passenger)																																																			Missense Mutation (putative passenger)																																																																												Missense Mutation (putative passenger)																																																											Truncating mutation (putative passenger)	Missense Mutation (putative passenger)																																																										
TP73	MUTATIONS																																																																																																														Truncating mutation (putative passenger)																																										Missense Mutation (putative passenger)																																																																																																																																															Truncating mutation (putative passenger)																																							Missense Mutation (putative passenger)																		Missense Mutation (putative passenger)																																																							
AKT1	MUTATIONS																																																												Missense Mutation (putative passenger)																															Missense Mutation (putative driver)															Missense Mutation (putative passenger)																																																																													Missense Mutation (putative passenger)																																																																																																																																																																																																																																
TP63	MUTATIONS	Missense Mutation (putative passenger)																																																																																Missense Mutation (putative passenger)		Missense Mutation (putative passenger)																															Missense Mutation (putative passenger)																						Missense Mutation (putative passenger)																	Missense Mutation (putative passenger)											Truncating mutation (putative driver)							Missense Mutation (putative passenger)													Missense Mutation (putative passenger)																																																																									Missense Mutation (putative passenger)																																										Missense Mutation (putative passenger)																																												Truncating mutation (putative driver)										Missense Mutation (putative passenger)			Truncating mutation (putative driver)	Missense Mutation (putative passenger)	Missense Mutation (putative passenger)																																																	
ZEB2	MUTATIONS							Missense Mutation (putative passenger)										Missense Mutation (putative passenger)			Missense Mutation (putative passenger)							Truncating mutation (putative passenger)											Missense Mutation (putative passenger)																																															Missense Mutation (putative passenger)														Missense Mutation (putative passenger)							Missense Mutation (putative passenger)															Missense Mutation (putative passenger)								Missense Mutation (putative passenger)											Missense Mutation (putative passenger)															Missense Mutation (putative passenger)	Truncating mutation (putative passenger)																																																												Truncating mutation (putative passenger)																																										Missense Mutation (putative passenger)																																Missense Mutation (putative passenger)	Missense Mutation (putative passenger)									Missense Mutation (putative passenger)	Missense Mutation (putative passenger)	Missense Mutation (putative passenger)	Missense Mutation (putative passenger)																															Missense Mutation (putative passenger)																			Missense Mutation (putative passenger)							Missense Mutation (putative passenger)	Missense Mutation (putative passenger)																																														
TGFBR1	MUTATIONS																									Truncating mutation (putative driver)																													Missense Mutation (putative passenger)							Truncating mutation (putative driver)																						Missense Mutation (putative passenger)														Missense Mutation (putative passenger)																																	Truncating mutation (putative driver)																					Missense Mutation (putative passenger)																												Truncating mutation (putative driver)																								Missense Mutation (putative passenger)																																																								Missense Mutation (putative passenger)																																																																			Missense Mutation (putative driver)																																												Truncating mutation (putative driver)																																					
ZEB1	MUTATIONS							Missense Mutation (putative passenger)		Missense Mutation (putative passenger)																																											Missense Mutation (putative passenger)																														Truncating mutation (putative passenger)	Missense Mutation (putative passenger)																						Missense Mutation (putative passenger)									Missense Mutation (putative passenger)																						Missense Mutation (putative passenger)															Missense Mutation (putative passenger)									Truncating mutation (putative passenger)				Missense Mutation (putative passenger)																																																																																																																																														Missense Mutation (putative passenger)																																					Missense Mutation (putative passenger)																			Missense Mutation (putative passenger)																																													
CDKN1A	MUTATIONS																																																						Truncating mutation (putative driver)																													Missense Mutation (putative passenger)																															Missense Mutation (putative passenger)																																										Missense Mutation (putative passenger)					Truncating mutation (putative driver)																																																																																																																																																																																																																																																						
TWIST1	MRNA											mRNA High	mRNA High	mRNA High	mRNA High	mRNA High	mRNA High	mRNA High	mRNA High	mRNA High	mRNA High	mRNA High	mRNA High	mRNA High	mRNA High	mRNA High	mRNA High	mRNA High	mRNA High	mRNA High	mRNA High	mRNA High																																																																																																																																																																																																																																																																																																																																																																																								
SNAI1	MRNA		mRNA High										mRNA High	mRNA High	mRNA High	mRNA High																																					mRNA High					mRNA High	mRNA High	mRNA High	mRNA High	mRNA High	mRNA High	mRNA High	mRNA High	mRNA High	mRNA High	mRNA High	mRNA High	mRNA High	mRNA High	mRNA High	mRNA High	mRNA High																																																																																																																																																																																																																																																																																																																																														
MIR-200A/200A	MRNA																																																																																																																																																																																																																																																																																																																																																																																																																							
DKK1	MRNA																mRNA High																																										mRNA High																																			mRNA High	mRNA High	mRNA High	mRNA High	mRNA High																																																																																																																																																																																																																																																																																																																						
CDH2	MRNA												mRNA High						mRNA High																mRNA High																												mRNA High	mRNA High	mRNA High	mRNA High	mRNA High																																																		mRNA High	mRNA High	mRNA High																																																																																																																																																																																																																																																																																																	
CTNNB1	MRNA																																		mRNA High																								mRNA High										mRNA High																																					mRNA High											mRNA High			mRNA High	mRNA High				mRNA High	mRNA High													mRNA High	mRNA High	mRNA High	mRNA High	mRNA High	mRNA High	mRNA High																																																																																																																																																																																																																																																																							
NOTCH1	MRNA																		mRNA High																					mRNA High	mRNA High																												mRNA High													mRNA High																								mRNA High																	mRNA High					mRNA High									mRNA High			mRNA High	mRNA High	mRNA High					mRNA High	mRNA High	mRNA High	mRNA High					mRNA High												mRNA High	mRNA High	mRNA High	mRNA High	mRNA High	mRNA High	mRNA High	mRNA High																																																																																																																																																																																																																																										
SMAD2	MRNA																																mRNA Low									mRNA Low	mRNA Low	mRNA Low																															mRNA High	mRNA Low											mRNA Low								mRNA Low							mRNA Low						mRNA Low	mRNA High											mRNA High	mRNA Low																										mRNA Low				mRNA High					mRNA High																			mRNA Low							mRNA High	mRNA High	mRNA High	mRNA High	mRNA High	mRNA High	mRNA Low	mRNA Low	mRNA Low	mRNA Low	mRNA Low	mRNA Low	mRNA Low	mRNA Low	mRNA Low	mRNA Low	mRNA Low	mRNA Low	mRNA Low	mRNA Low	mRNA Low	mRNA Low	mRNA Low																																																																																																																																																																																																												
SMAD3	MRNA			mRNA High	mRNA High																	mRNA High																																	mRNA High								mRNA High																																	mRNA High				mRNA High									mRNA High	mRNA High																																		mRNA High														mRNA High									mRNA High																						mRNA High	mRNA High	mRNA High																			mRNA High	mRNA High	mRNA High	mRNA High																																																																																																																																																																																																			
SMAD4	MRNA		mRNA Low							mRNA Low									mRNA High															mRNA Low	mRNA Low			mRNA High				mRNA Low	mRNA Low			mRNA Low													mRNA Low					mRNA High												mRNA Low	mRNA High										mRNA Low	mRNA Low											mRNA High	mRNA Low		mRNA Low			mRNA Low			mRNA Low		mRNA Low										mRNA High	mRNA Low				mRNA High																				mRNA High														mRNA Low									mRNA Low							mRNA Low		mRNA Low					mRNA High						mRNA Low	mRNA Low	mRNA Low	mRNA Low	mRNA Low	mRNA Low	mRNA Low	mRNA Low	mRNA Low	mRNA Low	mRNA Low	mRNA Low								mRNA Low							mRNA Low		mRNA Low	mRNA Low	mRNA Low	mRNA Low	mRNA Low	mRNA Low	mRNA Low	mRNA Low	mRNA Low			mRNA Low	mRNA Low					mRNA High	mRNA High	mRNA High	mRNA Low	mRNA Low	mRNA Low	mRNA Low																																																																																																																																																																									
VIM	MRNA																					mRNA High		mRNA High																																									mRNA High			mRNA High		mRNA High																																																														mRNA High																																																																																																														mRNA High	mRNA High	mRNA High	mRNA High	mRNA High																																																																																																																																																																		
TP53	MRNA					mRNA High																													mRNA Low																															mRNA Low																													mRNA Low														mRNA Low															mRNA High																															mRNA High																		mRNA High						mRNA High															mRNA Low																																													mRNA Low		mRNA High	mRNA Low					mRNA Low																																		mRNA High	mRNA High																																									mRNA High	mRNA High	mRNA High																																																																																			
CDH1	MRNA																										mRNA Low																																mRNA High						mRNA Low							mRNA High																																					mRNA High	mRNA High													mRNA High								mRNA High							mRNA Low																							mRNA High																												mRNA High		mRNA High																mRNA High																	mRNA High		mRNA Low																	mRNA Low				mRNA High					mRNA High																																mRNA Low			mRNA High	mRNA High																																						mRNA Low															mRNA High	mRNA Low																																																																		
MAPK3	MRNA						mRNA High		mRNA High											mRNA High		mRNA High																				mRNA High				mRNA High												mRNA High																																mRNA High		mRNA High				mRNA High																								mRNA High																																																																					mRNA High	mRNA High											mRNA High																																				mRNA High	mRNA High											mRNA High					mRNA High	mRNA High																																		mRNA High																																								mRNA High														mRNA High																																																																	
AKT2	MRNA					mRNA Low											mRNA High						mRNA High																								mRNA High																mRNA High		mRNA High			mRNA High																			mRNA High				mRNA High					mRNA High					mRNA High																		mRNA High																													mRNA High																				mRNA High																											mRNA High		mRNA High	mRNA High		mRNA High																						mRNA High											mRNA High										mRNA High				mRNA High	mRNA High	mRNA High							mRNA Low																																	mRNA High			mRNA High	mRNA High	mRNA High																													mRNA High																		mRNA High				mRNA High	mRNA High																																																														
MIR-203/203A	MRNA																																																																																																																																																																																																																																																																																																																																																																																																																							
MIR-34/34A	MRNA																																																																																																																																																																																																																																																																																																																																																																																																																							
SNAI2	MRNA													mRNA High		mRNA High									mRNA High																																								mRNA High					mRNA High																																																														mRNA High																																																																																																																																																																																																			mRNA High							mRNA High																	mRNA High	mRNA High																																																								
TP73	MRNA												mRNA High												mRNA High																																																																			mRNA High																																																				mRNA High											mRNA High							mRNA High																		mRNA High																						mRNA High										mRNA High																					mRNA High										mRNA High						mRNA High																																																																																						mRNA High																			mRNA High																																																						
AKT1	MRNA				mRNA Low		mRNA High																mRNA High																			mRNA High	mRNA High								mRNA High												mRNA High					mRNA High																		mRNA High	mRNA High									mRNA High											mRNA High			mRNA Low		mRNA Low										mRNA High																				mRNA Low							mRNA Low															mRNA High						mRNA High	mRNA High		mRNA High																mRNA High						mRNA High								mRNA High																											mRNA Low		mRNA Low					mRNA High			mRNA High		mRNA High																																								mRNA Low															mRNA High	mRNA Low																										mRNA Low												mRNA High																			mRNA High																																																					
TP63	MRNA																								mRNA High																																		mRNA High																			mRNA High																mRNA High				mRNA High																																														mRNA High																																																																				mRNA High	mRNA High																																																																																		mRNA High																																																																	mRNA High																																																
ZEB2	MRNA																																																																					mRNA High																																																														mRNA High																																										mRNA High																																mRNA High																												mRNA High																																																																																																mRNA High	mRNA High			mRNA High																													mRNA High	mRNA High	mRNA High	mRNA High	mRNA High	mRNA High	mRNA High																																							
TGFBR1	MRNA			mRNA High												mRNA High							mRNA High			mRNA High				mRNA High	mRNA High																		mRNA High																									mRNA High																													mRNA High																																mRNA High			mRNA High																															mRNA High																																												mRNA High																						mRNA High																																																																						mRNA High	mRNA High																						mRNA High				mRNA High																																								mRNA High	mRNA High	mRNA High																																		
ZEB1	MRNA																									mRNA High	mRNA High			mRNA High	mRNA High																		mRNA High																																																						mRNA High																																			mRNA High																																																																																																mRNA High	mRNA High																																																																						mRNA High			mRNA High																								mRNA High				mRNA High						mRNA High																						mRNA High																																												
CDKN1A	MRNA																											mRNA High																										mRNA High				mRNA High	mRNA High						mRNA High																											mRNA High					mRNA High							mRNA High					mRNA High	mRNA High																	mRNA High			mRNA High												mRNA High		mRNA High																	mRNA High																																																				mRNA High																																																																																		mRNA High						mRNA High																																																							mRNA High																			mRNA High																																	
TWIST1	PROTEIN																																																																																																																																																																																																																																																																																																																																																																																																																							
SNAI1	PROTEIN																																																																																																																																																																																																																																																																																																																																																																																																																							
MIR-200A/200A	PROTEIN																																																																																																																																																																																																																																																																																																																																																																																																																							
DKK1	PROTEIN																																																																																																																																																																																																																																																																																																																																																																																																																							
CDH2	PROTEIN																																																																																																																																																																																																																																																																																																																																																																																																																							
CTNNB1	PROTEIN																																																																																																																																																																																																																																																																																																																																																																																																																							
NOTCH1	PROTEIN																																																																																																																																																																																																																																																																																																																																																																																																																							
SMAD2	PROTEIN																																																																																																																																																																																																																																																																																																																																																																																																																							
SMAD3	PROTEIN																																																																																																																																																																																																																																																																																																																																																																																																																							
SMAD4	PROTEIN																																																																																																																																																																																																																																																																																																																																																																																																																							
VIM	PROTEIN																																																																																																																																																																																																																																																																																																																																																																																																																							
TP53	PROTEIN																																																																																																																																																																																																																																																																																																																																																																																																																							
CDH1	PROTEIN																																																																																																																																																																																																																																																																																																																																																																																																																							
MAPK3	PROTEIN																																																																																																																																																																																																																																																																																																																																																																																																																							
AKT2	PROTEIN																																																																																																																																																																																																																																																																																																																																																																																																																							
MIR-203/203A	PROTEIN																																																																																																																																																																																																																																																																																																																																																																																																																							
MIR-34/34A	PROTEIN																																																																																																																																																																																																																																																																																																																																																																																																																							
SNAI2	PROTEIN																																																																																																																																																																																																																																																																																																																																																																																																																							
TP73	PROTEIN																																																																																																																																																																																																																																																																																																																																																																																																																							
AKT1	PROTEIN																																																																																																																																																																																																																																																																																																																																																																																																																							
TP63	PROTEIN																																																																																																																																																																																																																																																																																																																																																																																																																							
ZEB2	PROTEIN																																																																																																																																																																																																																																																																																																																																																																																																																							
TGFBR1	PROTEIN																																																																																																																																																																																																																																																																																																																																																																																																																							
ZEB1	PROTEIN																																																																																																																																																																																																																																																																																																																																																																																																																							
CDKN1A	PROTEIN																																																																																																																																																																																																																																																																																																																																																																																																																							
TWIST1	FUSION																																																																																																																																																																																																																																																																																																																																																																																																																							
SNAI1	FUSION																																																																																																																																																																																																																																																																																																																																																																																																																							
MIR-200A/200A	FUSION																																																																																																																																																																																																																																																																																																																																																																																																																							
DKK1	FUSION																																																																																																																																																																																																																																																																																																																																																																																																																							
CDH2	FUSION																																																																																																																																																																																																																																																																																																																																																																																																																							
CTNNB1	FUSION																																																																																																																																																																																																																																																																																																																																																																																																																							
NOTCH1	FUSION																																																																																																																																																	Fusion																																																																																																																																																																																																																																																																						
SMAD2	FUSION																																																																																																																																																																																																																																																																																																																																																																																																																							
SMAD3	FUSION																																																																																																																																																																																																												Fusion																																																																																																																																																																																																											
SMAD4	FUSION																																																																																																																																																																																																																																																																																																																																																																																																																							
VIM	FUSION																																																																																																																																																																																																																																																																																																																																																																																																																							
TP53	FUSION																																																														Fusion																																																																																																																																																																																																																																																																																																																																																									
CDH1	FUSION																																																																																																																																																																																																																																																																																										Fusion																																																																																																																													
MAPK3	FUSION																																																																																																																																																																																																																																																																																																																																																																																																																							
AKT2	FUSION																																																																																																																																																																																																																																																																																																																																																																																																																							
MIR-203/203A	FUSION																																																																																																																																																																																																																																																																																																																																																																																																																							
MIR-34/34A	FUSION																																																																																																																																																																																																																																																																																																																																																																																																																							
SNAI2	FUSION																																																																																																																																																																																																																																																																																																																																																																																																																							
TP73	FUSION																																																																																																																																																																																																																																																																																																																																																																																																																							
AKT1	FUSION																																																																																																																																																																																																																																																																																																																																																																																																																							
TP63	FUSION																																																																																																																																																																																																																																																																																																																																																																																																																							
ZEB2	FUSION																																																																																																																																																																																																																																																																																																																																																																																																																							
TGFBR1	FUSION																																																																																																																																																																																																																																																																																																																																																																																																																							
ZEB1	FUSION																																																																																																																																																																																																																																																																																																																																																																																																																							
CDKN1A	FUSION																																																																																																																																																																																																																																																																																																																																																																																																																							
