cell line,AKT1,ATM,CDKN1A,CDKN2A,FGFR3,HRAS,KRAS,MAPK1,MAPK3,MAX,MYC,NRAS,PIK3CA,PTEN,RPS6KB2,TP53
BC3C,,,,,,,,,,,,,1.0,,,-1.0
BFTC905,,,,,,,,,,,1.0,1.0,,,,-1.0
CAL29,,,,,,,,,,,,,1.0,,1.0,-1.0
HT1197,,,,,,,,,,,,1.0,1.0,,,
HT1376,,,-1.0,,,,,,1.0,,,,,,,-1.0
J82,,,,,1.0,,,,,,,,1.0,,,-1.0
JMSU1,,-1.0,,,,,,,,,,,,,,-1.0
KMBC2,,,-1.0,,,,,,,-1.0,,,,-1.0,,-1.0
KU1919,1.0,,,,,,,,,,,2.0,,,1.0,
RT112,,,-1.0,,1.0,,,,,,,,1.0,,,-1.0
RT11284,,,,,,,,,,,,,,,,-1.0
SCABER,,,,-1.0,,,,,,,,,,,,-1.0
SW1710,,,,,,,,,,,,,,,,-1.0
T24,,,,,,1.0,,,,,,,,,,-1.0
TCCSUP,,,,,,,,,,,,,1.0,,,-1.0
UMUC1,,,,,,,,,,,,,,,,-1.0
UMUC3,,-1.0,,,,,1.0,,,,,,,,,-1.0
VMCUB1,,,,-1.0,,,,1.0,,,,,1.0,,,-1.0
